group,company_id,company,batch,website,founders,known_amount_usd,known_source,known_quote
pre2020,zapier,Zapier,Summer 2012,http://zapier.com,Wade Foster,1300000,https://zapier.com/press,Zapier raised $1.3 million in 2012.
pre2020,dyspatch,Dyspatch,Winter 2014,https://www.dyspatch.io,Matt Harris,6000000,https://www.dyspatch.io/press/,"01/25/22 Email Production Platform Dyspatch Raises $6MM Seed Round Led by Gradient Ventures, Google’s AI Fund ."
pre2020,sendbird,Sendbird,Winter 2016,https://sendbird.com,John S. Kim; Brandon Jeon; Harry Kim,52000000,https://sendbird.com/news,Raises $52 Million Series B
pre2020,upfort,Upfort,Summer 2017,https://www.upfort.com,Han Wang; Daniel Bilbao,8000000,https://www.upfort.com/category/announcements?f8c416d3_page=3,Cyber Security and Insurance Platform Upfort Raises $8 Million in Series A Funding.
pre2020,snappr,Snappr,Winter 2017,https://www.snappr.com,Matt Schiller,28000000,https://www.snappr.com/press,Snappr raised $28 million in Series B funding led by Foundry.
pre2020,fondo,Fondo,Winter 2018,https://fondo.com,David J. Phillips,,https://fondo.com/blog/fondo-announces-7m-oversubscribed,This funding round values Fondo at $66 million and underscores its rapid growth and solid market presence.
pre2020,eclipse-foods,Eclipse Foods,Winter 2019,http://www.eclipsefoods.com,Aylon Steinhart; Thomas Elliott Bowman,60000000,https://eclipsefoods.com/careers/,"We’ve raised $60M+ from investors such as Y Combinator, the chairman of Beyond Meat, the founder of Reddit, Forerunner Ventures, Initialized Capital, "
pre2020,bunkerhill-health,Bunkerhill Health,Winter 2019,http://bunkerhillhealth.com,Nishith Khandwala; David Eng,55000000,https://www.bunkerhillhealth.com/,Fortune Exclusive: Bunkerhill Health raises $55M to put AI agents to work inside hospitals.
pre2020,lokal,Lokal,Summer 2019,https://www.getlokalapp.com,Vipul Chaudhary; Jani pasha,3000000,https://www.getlokalapp.com/about-us/,"Lokal has raised $3M in funding from the likes of 3one4 Capital, Y Combinator, RB Investments, SOMA Capital and existing investor India Quotient."
w20s24,ringmd,RingMD,Summer 2020,https://www.ring.md,Justin Fulcher,10000000,https://www.ring.md/about,$10 million in Series A financing at a valuation of US$85 million
w20s24,hirebolt,Hirebolt,Summer 2021,https://hirebolt.com/,Alex Zhou,1500000,https://www.ycombinator.com/companies/hirebolt,"To date, we’ve raised ~$1.5M from investors including Y Combinator, Entrepreneur First, world-class Venture Capital funds and industry leaders."
w20s24,odys-aviation,Odys Aviation,Summer 2021,https://www.odysaviation.com/,James Dorris; Axel Radermacher,26000000,https://www.odysaviation.com/about,"Odys Aviation closed its Series A funding round, raising $26m to accelerate full- scale flight testing, manufacturing readiness and global launch prog"
w20s24,malama-health,Malama Health,Summer 2022,https://www.heymalama.co,Mika Eddy; Orlando Li,9200000,https://heymalama.co/press,Malama Health Raises $9.2M to Scale Doula-Led Maternal Care for Women insured by Medicaid Nationwide.
w20s24,aisdr,AiSDR,Summer 2023,https://aisdr.com/,Yuriy Zaremba; Oleg Zaremba,3000000,https://aisdr.com/about-us/,"After Demo Day, AiSDR raised a $3M seed round led by Y Combinator, Flyer One Ventures, SID Venture, and others."
w20s24,hyperbound,Hyperbound,Summer 2023,https://hyperbound.ai,Sriharsha Guduguntla; Atul Raghunathan,18300000,https://www.hyperbound.ai/blog/series-a,Hyperbound has now raised a total of $18.3 million.
w20s24,presti-ai,Presti AI,Summer 2024,https://www.presti.ai/,Nabil Toumi; Saad Bencherif; Hamza Bennis; Abdellah Lamrani Alaoui,3500000,https://www.ycombinator.com/companies/presti-ai,We raised a $3.5M seed round .
w20s24,firstwork,FirstWork,Summer 2024,https://firstwork.com,Vardhan Kapoor; Shubham Choudhary,5000000,https://www.firstwork.com/blog,Firstwork Raises $5M to Transform Frontline Workforce Management.
w20s24,tajir,Tajir,Winter 2020,https://tajir.app,Babar Khan; Ismail Khan,17000000,https://www.tajir.app/blog/kleiner-yc-fundraise,"In order to advance this work, Tajir closed a $17M round of fresh funding led by Kleiner Perkins and YC Continuity earlier this year.."
w20s24,topline-pro,Topline Pro,Winter 2021,https://www.toplinepro.com,Nick Ornitz; Shannon Kay,27000000,https://www.toplinepro.com/our-story,We Raised a $27M Series B.
w20s24,runway,Runway,Winter 2021,https://runway.team,Gabriel Savit; Matt Varghese; David Filion,2000000,https://www.runway.team/blog/runways-next-big-step-and-the-funding-to-take-us-there,"Runway raises $2M seed, launches its ‘air traffic control’ system for mobile app releases (TechCrunch)."
w20s24,bobidi,Bobidi,Winter 2022,http://www.upswell.ai,Jeong-Suh Choi,6000000,https://www.upswell.ai/about/,"by Bobidi ™, a Silicon Valley-based AI company backed by ~$6M in funding from top investors, including Meta, Y Combinator, Lotte Ventures, Scrum Ventu"
w20s24,variance,Variance,Winter 2023,https://www.variance.com/,Karine Mellata; Michael Lin,21500000,https://www.variance.com/press,Variance Raises $21.5M Series A to Transform Risk Workflows with AI Agents.
w20s24,reflex,Reflex,Winter 2023,https://reflex.dev,Nikhil Rao; Alek Petuskey,5000000,https://reflex.dev/blog/seed-annoucement/,Reflex Raises $5M Seed Round - Lux Capital .
w20s24,toma,Toma,Winter 2024,http://www.toma.com/,Monik Pamecha; Anthony Krivonos,17000000,https://www.ycombinator.com/companies/toma,Valley Overlooks** We’re thrilled to share that Toma [**raised a $17M Series A**](https://techcrunch.com/2025/06/05/tomas-ai-voice-agents-have-taken-o
w20s24,infinity,Infinity,Winter 2024,https://www.infinityapp.in/,Sourav Choraria; Sidharth Choraria,1900000,https://www.infinityapp.in,International Payments for Freelancers & Startups 🎉Milestone alert: Infinity secures $1.9M funding to reshape cross-border payments in India!.
