company_id,company,batch,website,founders,known_amount_usd,known_source
finch,Finch,Summer 2020,https://tryfinch.com,Jeremy Zhang; Ansel Parikh,40000000,https://www.businessinsider.com/finch-hr-api-infrastructure-startup-raises-40-million-series-b-2023-2
balance,Balance,Summer 2020,https://www.getbalance.com,Bar Geron; Yoni Shuster,56000000,https://www.getbalance.com/blog/
synapticure,Synapticure,Summer 2020,http://www.synapticure.com,Peter Wallach; Brian Wallach; Martina de Majo,40145500,https://www.sec.gov/Archives/edgar/data/2038193/000203819324000002/primary_doc.xml
jeeves,Jeeves,Summer 2020,http://www.tryjeeves.com,Dileep Thazhmon,380000000,https://www.ycombinator.com/companies/jeeves
exa,Exa,Summer 2021,https://exa.ai,William Bryk; Jeffrey Wang,349442328,https://www.sec.gov/Archives/edgar/data/2024864/000202486426000003/primary_doc.xml
tavus,Tavus,Summer 2021,https://www.tavus.io,Hassaan Raza; Quinn Favret,40000000,https://www.axios.com/pro/enterprise-software-deals/2025/11/12/agentic-ai-tavus-human-40-milion-crv
inversion-space,Inversion Space,Summer 2021,https://www.inversionspace.com/,Justin Fiaschetti; Austin Briggs,44000000,https://www.axios.com/2024/11/20/inversion-space
happyrobot,HappyRobot,Summer 2023,https://happyrobot.ai,Pablo Palafox; Luis Paarup; Javier Palafox,150000000,https://www.happyrobot.ai/blog
campfire-2,Campfire,Summer 2023,https://campfire.ai,John Glasgow,96427822,https://www.sec.gov/Archives/edgar/data/2081415/000208141525000003/primary_doc.xml
david-ai,David AI,Summer 2024,https://www.withdavid.ai/,Tomer Cohen; Ben Wiley,50000000,https://www.withdavid.ai/news/announcing-our-50m-series-b
whatnot,Whatnot,Winter 2020,https://www.whatnot.com/careers/discover,Grant LaFontaine; Logan Head,1482100811,https://www.sec.gov/Archives/edgar/data/1844768/000184476826000001/primary_doc.xml
candid-health,Candid Health,Winter 2020,https://www.joincandidhealth.com,Nick Perry,104873634,https://www.sec.gov/Archives/edgar/data/2144950/000149315226034271/primary_doc.xml
h1,H1,Winter 2020,https://www.h1.co/,Ariel Katz; Ian Sax,271036555,https://www.sec.gov/Archives/edgar/data/1837632/000123191922000036/primary_doc.xml
loop-health,Loop Health,Winter 2020,http://www.loophealth.com,Ryan Singh; Mayank Kale,100279812,https://www.sec.gov/Archives/edgar/data/1808311/000180831126000003/primary_doc.xml
moonvalley,Moonvalley,Winter 2021,https://www.moonvalley.com,Naeem T; John Thomas,68502500,https://www.sec.gov/Archives/edgar/data/2042742/000202523125000001/primary_doc.xml
treinta,Treinta,Winter 2021,https://www.treinta.co,Lluis Canadell; Man Hei Lou,46000000,https://forbes.co/2022/04/04/emprendedores/treinta-app-viral-capta-46-millones/
stoke-space,Stoke Space,Winter 2021,https://www.stokespace.com/,Andy Lapsa; Tom Feldman,1000000000,https://www.stokespace.com/news
gridware,Gridware,Winter 2021,https://www.gridware.io,Tim Barat; Omar B; Hall Chen,55000000,https://www.gridware.io/news/gridware-raises-55-million-growth-round-to-accelerate-u-s-deployments-and-support-global-expansion
abacum,Abacum,Winter 2021,https://www.abacum.ai/,Jorge Lluch; Julio Martinez,49973909,https://www.sec.gov/Archives/edgar/data/1856882/000192975225000003/primary_doc.xml
permitflow,PermitFlow,Winter 2022,http://www.permitflow.com,Samuel Lam,54000000,https://www.permitflow.com/
pylon-2,Pylon,Winter 2023,https://usepylon.com/?utm_source=bookface&utm_medium=referral&utm_campaign=pylon-profile,Advith Chelikani; Marty Kausas; Robert Eng,49729570,https://www.sec.gov/Archives/edgar/data/1971978/000197197825000002/primary_doc.xml
avoca,Avoca,Winter 2023,https://www.avoca.ai/,Apurva Shrivastava; Tyson Chen,125000000,https://www.avoca.ai
legora,Legora,Winter 2024,https://www.legora.com/,Max Junestrand; Sigge Labor,671727767,https://www.sec.gov/Archives/edgar/data/2071663/000207166326000001/primary_doc.xml
