company,yc_batch,yc_status,website,one_liner,industry,location,latest_round_date,latest_round_amount_usd,latest_round_type,latest_round_basis,total_funding_usd,lead_investors,source,verified_source_url,team_size,yc_is_hiring,open_positions,eng_jobs,ml_jobs,careers_url,job_titles_sample,tracxn_id,exclusion_reason
The Muse,Winter 2012,Inactive,https://www.themuse.com/,The Muse is values-based job search & hiring for 7M+ monthly,B2B,"New York City, NY, USA; New York, NY, USA",2022-09-21,8000000,Series C,Tracxn,45436522,,Tracxn only,,60,,,,,,,52ec9eeae4b033a23dc723df,YC lists the company as Inactive
Correlia Biosystems,Winter 2018,Inactive,https://correliabio.com,Next-gen blood testing to provide 1000x more data to pharma companies,Healthcare,"San Francisco, CA, USA; Berkeley, CA, USA",2023-05-09,1254212,Series A,Tracxn,10949038,,Tracxn only,,16,,,,,,,53193d1be4b0f7e165f42415,YC lists the company as Inactive
Klir,,,https://www.klir.com/,,,,2026-01-22,7500000,Conventional Debt,Tracxn,29714773,,Tracxn only,,,,,,,,,531a10b4e4b0f7e16606fd61,"Missing from YC directory (YC fund investment, no YC batch on record)"
Pathrise,Summer 2017,Inactive,https://www.pathrise.com/,YC for your career,Education,"San Francisco, CA, USA",2022-06-30,,,Tracxn,9449995,,Tracxn only,,55,,,,,,,531a93eae4b0f7e16612671d,YC lists the company as Inactive
Snipd,Summer 2008,Inactive,https://www.snipd.com/,,B2B,"San Francisco, CA, USA; Palo Alto, CA, USA",2022-03-03,,,Tracxn,850852,,Tracxn only,,2,,,,,,,531ae8fbe4b0f7e1661b7a2a,YC lists the company as Inactive
Techmate,Summer 2016,Acquired,https://techmate.com,A technology concierge for your home. We provide on-demand support…,Consumer,"New York City, NY, USA; New York, NY, USA",2022-05-27,,,Tracxn,2349000,,Tracxn only,,11,,,,,,,531b0968e4b0f7e1661ecdc3,YC lists the company as Acquired
Bus.com,Winter 2016,Inactive,https://www.bus.com/,The easiest way to charter a bus in North America.,B2B,"Montreal, QC, Canada; Remote",2024-02-14,600000,Series B,Tracxn,21678400,,Tracxn only,,90,,,,,,,531c0f76e4b0f7e1663ab556,YC lists the company as Inactive
Wallarm,Summer,,https://www.wallarm.com/,,,,2025-07-31,55000000,Series C,Tracxn,75079126,,Tracxn only,,,,,,,,,531ca620e4b0f7e16657c631,Missing from YC directory
Hublo,Summer 2014,Acquired,https://www.hublo.com/,Hublo is making data-driven marketing simpler. It's a super simple…,B2B,"Paris, Île-de-France, France",2026-02-03,47327200,Series C,Tracxn,97892870,,Tracxn only,,2,,,,,,,533197cde4b09e548233a051,YC lists the company as Acquired
Shift Labs,Winter 2015,Acquired,https://www.shiftlabs.com/,"Makers of simple, affordable medical devices. Our award-winning…",Healthcare,"Seattle, WA, USA",2022-09-19,1836056.04,Grant (prize money),Tracxn,1720000,,Tracxn only,,6,,,,,,,53462630e4b085eb389cdc4e,YC lists the company as Acquired
Somos Internet,,,https://www.somosinternet.com/,,,,2025-09-01,18000000,Series A,Tracxn,71900000,,Tracxn only,,,,,,,,,5346a30de4b085eb38afb829,"Missing from YC directory (YC fund investment, no YC batch on record)"
Picnic,Summer,,https://picnichealth.com,,,,2022-06-27,,,Tracxn,100000000,,Tracxn only,,,,,,,,,535c00e2e4b0506534950d5d,Missing from YC directory
Jupe,Summer 2021,Inactive,https://www.jupe.com/,Just add land,Real Estate and Construction,"San Francisco, CA, USA",2021-12-08,,,Tracxn,9500000,,Tracxn only,,7,,,,,,,535de54ee4b0506534a186f5,YC lists the company as Inactive
Ivella,Summer 2021,Inactive,https://www.ivella.com/,Banking and savings products designed for couples,Fintech,"Los Angeles, CA, USA; Santa Monica, CA, USA",2022-06-06,,,Tracxn,4100000,,Tracxn only,,8,,,,,,,540497bae4b0e52937971ed4,YC lists the company as Inactive
Sunfolding,Summer 2017,Inactive,http://sunfolding.com,Sunfolding builds next generation infrastructure for solar farms.  By…,Industrials,"San Francisco, CA, USA",2022-12-07,21400000,Series B,Tracxn,53525000,,Tracxn only,,44,,,,,,,55268cfbe4b0444aba91bf29,YC lists the company as Inactive
Beek,Winter 2017,Inactive,https://beek.io/en,Leading audio subscription platform for Spanish content and creators,Consumer,"Mexico City, CDMX, Mexico",2023-02-02,13000000,Series A,Tracxn,20120000,,Tracxn only,,32,,,,,,,55275108e4b058d15934ea9b,YC lists the company as Inactive
Uiflow,Winter 2021,Acquired,http://uiflow.com,No-code platform for enterprise software companies,B2B,"San Francisco, CA, USA; Remote",2022-09-07,,,Tracxn,21000000,,Tracxn only,,21,,,,,,,55b62316e4b08ce4fda6aad1,YC lists the company as Acquired
Legistify,Winter,,https://legistify.com,,,,2023-09-25,4000000,Series A,Tracxn,8253332,,Tracxn only,,,,,,,,,55c98aaee4b01be2830ee244,Missing from YC directory
TigerEye,Summer 2022,Acquired,https://www.tigereye.com/,AI for Construction,Real Estate and Construction,"San Francisco, CA, USA; Remote",2022-09-08,,,Tracxn,35000000,,Tracxn only,,30,,,,,,,55ed973be4b050dd29be62e6,YC lists the company as Acquired
Contraline,YC (batch not listed),,https://www.contraline.com/,,,,2026-06-02,92500000,Series B,Tracxn,111120000,,Tracxn only,,,,,,,,,55efb861e4b0672c6cbc9cd0,Missing from YC directory
Fellow,,,https://fellowproducts.com,,,,2022-06-15,,,Tracxn,40310000,,Tracxn only,,,,,,,,,55f22f22e4b09f268eee9258,"Missing from YC directory (YC fund investment, no YC batch on record)"
Assembled,Winter 2011,Inactive,https://www.assembled.com/,"Pivoted to TenXList, a professional network of top college engineers.",Consumer,"San Francisco, CA, USA; Palo Alto, CA, USA",2022-05-26,,,Tracxn,70700000,,Tracxn only,,2,,,,,,,56ed16b6e4b074020e5e8dda,YC lists the company as Inactive
Axoni,Winter 2014,Acquired,https://axoni.com,Axoni is building the next generation of capital markets technology,Fintech,"New York City, NY, USA; New York, NY, USA",2023-04-26,20000000,Series B,Tracxn,110000000,,Tracxn only,,155,,,,,,,56ed1cc2e4b03d6641049ed7,YC lists the company as Acquired
Stablegains,Winter,,http://stablegains.com,,,,2022-04-22,,,Tracxn,3000000,,Tracxn only,,,,,,,,,57b6c671e4b0b7ad1a69aff6,Missing from YC directory
Breathe Well-being,Winter 2020,Inactive,https://www.breathewellbeing.in,A digital well-being program to help people prevent or manage chronic…,Healthcare,"New Delhi, DL, India",2023-01-19,6137350,Series A,Tracxn,12858554,,Tracxn only,,15,,,,,,,582c08ebe4b0b8897fdaa70c,YC lists the company as Inactive
Cureskin,Summer,,https://cureskin.com,,,,2025-12-10,1210036,Series B,Tracxn,30143528,,Tracxn only,,,,,,,,,5840715ee4b05359b9226e87,Missing from YC directory
Torch,Winter 2018,Inactive,https://torch.io,,B2B,"San Francisco, CA, USA",2022-05-23,,,Tracxn,79073478,,Tracxn only,,130,,,,,,,58490991e4b01921d6867e93,YC lists the company as Inactive
Embrace,Summer 2019,Acquired,https://embrace.io,Modern user-focused observability built on OpenTelemetry,B2B,"Los Angeles, CA, USA; Remote",2023-07-13,20000000,Series B,Tracxn,79500000,,Tracxn only,,62,,,,,,,58493afde4b031b3762bba47,YC lists the company as Acquired
Coursedog,Winter 2019,Acquired,https://www.coursedog.com/,Higher Ed's Best Friend - integrated academic operations software.,B2B,"New York City, NY, USA; New York, NY, USA; Remote",2023-03-29,90000000,Series B,Tracxn,112600000,,Tracxn only,,100,,,,,,,5851a202e4b07ec2a8cdee7a,YC lists the company as Acquired
Central,Summer 2024,Acquired,https://centralhq.com,"Payroll, benefits, state compliance & other bullsh*t for startups",B2B,"San Francisco, CA, USA",2025-08-27,8600000,Seed,Tracxn,9100000,,Tracxn only,,15,,,,,,,58588feae4b0d6450176f628,YC lists the company as Acquired
Charityvest,Summer 2020,Acquired,http://charityvest.org,"A premier charitable giving account, for everyone.",Fintech,"Atlanta, GA, USA",2022-03-14,,,Tracxn,7075998,,Tracxn only,,9,,,,,,,586f646be4b03071e22d0fa4,YC lists the company as Acquired
Anja Health,Winter 2022,Acquired,https://www.anjahealth.com/,Cord Blood Banking Reimagined,Healthcare,"New York City, NY, USA; Los Angeles, CA, USA; Remote",2022-05-09,,,Tracxn,5000000,,Tracxn only,,2,,,,,,,587621d2e4b031d0fa033122,YC lists the company as Acquired
EPICODE,,,https://epicode.com/it/,,,,2022-03-09,,,Tracxn,12231440,,Tracxn only,,,,,,,,,58838d0ae4b099a0c0645dbd,"Missing from YC directory (YC fund investment, no YC batch on record)"
Aldara,Summer 2022,Inactive,http://aldara.com,HOA manager with automated operations,Real Estate and Construction,"Barcelona, CT, Spain",2024-01-31,2925396,Seed,Tracxn,2925396,,Tracxn only,,10,,,,,,,588392f0e4b0a3db251fba29,YC lists the company as Inactive
Artifact,Summer 2020,Inactive,https://www.artifact.engineer/,"An Collaborative, AI-native IDE for Hardware Engineers",Consumer,"San Francisco, CA, USA; Remote",2022-12-15,5000000,Seed,Tracxn,5125000,,Both,https://www.ycombinator.com/companies/artifact-2,4,Yes,5,0,0,https://www.artifact.engineer/careers,Forward-Deployed Software Engineer; Senior Software Engineer; Software Engineer; Electrical Systems Engineer; Avionics Engineer,5884a862e4b0b5a51f333b53,YC lists the company as Inactive
Aerotime,Winter 2021,Inactive,https://www.aerotime.com/,Calendar that kills time fragmentation,B2B,"San Francisco, CA, USA; Bengaluru, KA, India",2022-06-09,,,Tracxn,2125000,,Tracxn only,,6,,,,,,,588719b9e4b099a0c066edda,YC lists the company as Inactive
General Analysis,,,https://www.generalanalysis.com/,,,,2026-04-29,10000000,Seed,Tracxn,10000000,,Tracxn only,,,,,,,,,5887557ee4b099a0c068d2f4,"Missing from YC directory (YC fund investment, no YC batch on record)"
Athelas,Summer 2016,Active,http://athelas.com,"Extensible, Integrated Technology that Simplifies Health Systems",Healthcare,"San Francisco, CA, USA",2024-05-23,4454739,Equity,Verified (SEC Form D 0001717731-24-000001),135825000,,Both,https://www.sec.gov/Archives/edgar/data/1717731/000171773123000002/primary_doc.xml,1000,Yes,102,0,0,https://www.athelas.com/careers,"Senior Software Engineer - Ambient ; Provider-Only Clinical Account Executive; Senior Engineering Manager, Platform Infrastructure Engineering; Implementation Consultant;  Onboarding Manager; Implementation Manager, RCM Launch; Enterprise Account Executive, Strongline ; Enterprise Sales Director, RCM; HR Compliance, Risk & Policy Lead; Senior Analyst, Denial Management (India)",5888d612e4b00b29f18b2303,Our verified total is over $200M (Tracxn equity total is lower)
Hubble Network,Winter 2022,Active,https://hubble.com,Bluetooth to Space,Industrials,"Las Vegas, NV, USA",2026-09-23,200000000,Series C,Verified (https://satnews.com/2026/09/24/hubble-network-secures-200-million-series-c-round-at-1-6-billion-valuation-for-bluetooth-constellation/),20000000,,Both,https://hubble.com/news,50,No,16,10,0,https://hubble.com/careers,"Data Platform Engineer; Engineering Manager, RF Hardware; Engineering Manager, Wireless and Digital Design; Global Commodity Manager - PCBA (Printed Circuit Board Assembly); Hubble Network General Application; Inventory Control Technician; Lab Manager; Principal Embedded Engineer - Space Systems; Principal Localization Engineer – Location Intelligence; Senior Account Executive",58893b2be4b02749aa2b45c0,Our verified total is over $200M (Tracxn equity total is lower)
AntWalk,Winter 2022,Inactive,https://www.antwalk.com,An employee up-skilling platform for fast growing companies,Education,"Bengaluru, KA, India; Remote",2022-07-06,,,Tracxn,7500000,,Tracxn only,,50,,,,,,,58894ad0e4b00b29f18eccdb,YC lists the company as Inactive
EnsoData,,,https://ensodata.com,,,,2025-06-18,20000001,Series B,Tracxn,51062001,,Tracxn only,,,,,,,,,58896fc6e4b0dd9cce3286ca,"Missing from YC directory (YC fund investment, no YC batch on record)"
Mighty Health,Summer 2019,Inactive,http://www.mightyhealth.com,All-in-one health program helping seniors with their daily function,Healthcare,"San Francisco, CA, USA; Remote",2023-01-26,7600000,Series B,Tracxn,10550000,,Tracxn only,,7,,,,,,,588a5403e4b0dc278b9e6f52,YC lists the company as Inactive
Brave Care,Summer 2019,Inactive,https://bravecare.com,"Modern healthcare for kids. Pediatric Primary, Urgent & Remote Care.",Healthcare,"Portland, OR, USA",2021-10-07,,,Tracxn,44393000,,Tracxn only,,90,,,,,,,588a6a1fe4b0a3db25311150,YC lists the company as Inactive
rift,Winter 2023,Inactive,https://www.rift.com/,B2B lead routing made simple,B2B,"San Francisco, CA, USA",2024-07-24,5000000,Seed,Tracxn,5500000,,Tracxn only,,2,,,,,,,5891f1fde4b0bbf964d819c9,YC lists the company as Inactive
Fintool,Winter 2023,Acquired,http://blocktool.com,Financial copilot for institutional investors,B2B,"San Francisco, CA, USA",2025-11-24,6739000,Series A,Tracxn,7239000,,Tracxn only,,6,,,,,,,5891f232e4b0bbf964d81db5,YC lists the company as Acquired
Concourse Technologies,Winter,,https://www.concourse.co/,,,,2026-01-27,12000000,Series A,Tracxn,12500000,,Tracxn only,,,,,,,,,58b51f81e4b0a76303425add,Missing from YC directory
Moonshot Brands,Winter 2021,Inactive,http://moonshotbrands.com,Buy and grow profitable e-commerce companies selling on Amazon and DTC,Fintech,"Miami, FL, USA; Toronto, ON, Canada; Washington, DC, USA; Remote",2022-03-15,,,Tracxn,190000000,,Tracxn only,,35,,,,,,,58bd0eeee4b041de9c7bf1f4,YC lists the company as Inactive
Mine,Summer 2021,Inactive,https://usemine.com,The AI personal finance company.,Fintech,"New York City, NY, USA",2026-01-26,14000000,Series A,Tracxn,32525000,,Tracxn only,,18,,,,,,,58bdbf20e4b0013e25fc4da0,YC lists the company as Inactive
Delphia Technologies,Winter,,https://delphia.com,,,,2022-06-08,,,Tracxn,66199750,,Tracxn only,,,,,,,,,58bde09fe4b041de9c88436a,Missing from YC directory
Paymob,,,https://paymob.com,,,,2026-09-21,35000000,Series B,Tracxn,126000000,,Tracxn only,,,,,,,,,58bea3eae4b041de9ca10b3d,"Missing from YC directory (YC fund investment, no YC batch on record)"
Encellin,Summer,,https://www.encellin.com/,,,,2023-09-20,9939999,Series A,Tracxn,18072132,,Tracxn only,,,,,,,,,58bea5dbe4b0b138a46b3e7e,Missing from YC directory
Olio,,,http://oliolabs.com,,,,2025-03-20,4500000,Series A,Tracxn,4500000,,Tracxn only,,,,,,,,,58beb369e4b0dc135c8917c3,"Missing from YC directory (YC fund investment, no YC batch on record)"
Tesseral,Winter 2024,Inactive,https://tesseral.com,The open source platform for managing identity in business software,B2B,"San Francisco, CA, USA",2025-05-06,3300000,Seed,Tracxn,3800000,,Tracxn only,,5,,,,,,,58bee7d2e4b0e437d8169a98,YC lists the company as Inactive
Storyline,Winter 2018,Inactive,https://www.heydayhealth.com/,Create Alexa Skills without coding,B2B,"London, England, United Kingdom",2024-06-24,12500000,Series A,Tracxn,12625000,,Tracxn only,,3,,,,,,,58bf2029e4b08180d90d2064,YC lists the company as Inactive
Parker,Winter 2019,Inactive,https://getparker.com,Parker is a digital bank.,Fintech,"New York City, NY, USA; San Francisco, CA, USA",2024-11-08,20000000,Series B,Tracxn,57000000,,Tracxn only,,10,,,,,,,58bf6087e4b0fd9736053835,YC lists the company as Inactive
Kinside,Summer 2018,Acquired,https://www.kinside.com/,Powering the $648b Care Economy,Fintech,"San Francisco, CA, USA; Remote",2022-06-07,,,Tracxn,17258858,,Tracxn only,,18,,,,,,,58bf655ce4b0e437d823d505,YC lists the company as Acquired
Finnt,Winter 2022,Inactive,https://finnt.com,AI Agents for CFO and Finance teams,B2B,,2022-05-11,,,Tracxn,4000000,,Tracxn only,,4,,,,,,,58bf815ce4b0e437d828e128,YC lists the company as Inactive
Stonly,,,https://stonly.com,,,,2022-01-26,,,Tracxn,25500000,,Tracxn only,,,,,,,,,58c04c3de4b0e437d834a393,"Missing from YC directory (YC fund investment, no YC batch on record)"
Kindly,Winter,,https://www.kindlyhealth.com/,,,,2022-07-14,,,Tracxn,4823976,,Tracxn only,,,,,,,,,58c18fd7e4b0cc0736805cd6,Missing from YC directory
Milo,Winter 2020,Inactive,http://modernvillage.com,The Family AI - a copilot for parents to tackle the invisible load of…,Consumer,"San Francisco, CA, USA; Vancouver, BC, Canada; Seattle, WA, USA",2023-10-10,1665000,Series A,Tracxn,1815000,,Tracxn only,,4,,,,,,,58c19c0ee4b057a3f2eeec17,YC lists the company as Inactive
TrueNorth,Winter 2020,Inactive,http://gettruenorth.com,TrueNorth gives truckers a single place to manage their business.,B2B,"San Francisco, CA, USA; Fort Worth, TX, USA",2021-12-08,,,Tracxn,62225000,,Tracxn only,,60,,,,,,,58dbd046e4b0e8400e242ce5,YC lists the company as Inactive
Brandazine,Winter,,https://www.brandazine.com/en,,,,2026-04-09,6312050,Series A,Tracxn,6812050,,Tracxn only,,,,,,,,,58dbe62ce4b0f91090855841,Missing from YC directory
EdgeBit,Winter 2023,Acquired,https://edgebit.io,Autofix your software dependencies,B2B,"San Francisco, CA, USA",2024-10-08,3100000,Seed,Tracxn,3600000,,Tracxn only,,5,,,,,,,58dc2594e4b0fb12087fc858,YC lists the company as Acquired
Castia,Winter 2022,Inactive,http://castia.com,Built Rewards for Latam. Pay Rent and get benefits.,Real Estate and Construction,"Bogotá, Bogota, Colombia; Mexico City, CDMX, Mexico",2022-06-24,,,Tracxn,5200000,,Tracxn only,,50,,,,,,,58dcca02e4b0371a571b0f20,YC lists the company as Inactive
Onebrief,Summer 2021,Active,https://onebrief.com,Onebrief makes military headquarters run seamlessly,B2B,"Honolulu, HI, USA; Remote",2026-07-31,250000000,Equity,Verified (https://forgeglobal.com/onebrief_ipo/),113280058,,Both,https://www.sec.gov/Archives/edgar/data/1888809/000188880926000001/primary_doc.xml,200,No,33,15,0,https://www.onebrief.com/careers,"Senior Site Reliability Engineer, Colorado Springs (Top Secret Clearance Required, Relocation Provided); Partner Engagement Manager, Federal Delivery Team; Customer Success Engineer [Ft. Leavenworth] - Relocation Provided; Outcome Engineer - Early in Career Professional; Outcome Engineer - Experienced Professional; Senior Corporate Security Systems Engineer ; Partner Engagement Manager, 4th Infantry Division; Partner Engagement Manager, U.S. Army Europe and Africa; Partner Engagement Manager, U.S. European Command; Staff Product Manager",58dcfc9de4b004e81d3fbedb,Our verified total is over $200M (Tracxn equity total is lower)
Nino's Food Distribution,Summer,,https://ninosfoods.com,,,,2021-12-13,,,Tracxn,1600000,,Tracxn only,,,,,,,,,58dd052be4b04ae5aaef2715,Missing from YC directory
Oddpool,Spring 2026,Inactive,https://www.oddpool.com,Institutional infrastructure for prediction markets,B2B,"San Francisco, CA, USA",2026-09-04,3000000,Seed,Tracxn,3500000,,Both,https://www.bettingjobs.com/bettingstartups-bettingjobs-partnerships/data-startup-oddpool-acquired-by-kalshi-after-3m-raise/,2,No,0,0,0,,,58dd4414e4b0d836de443d56,YC lists the company as Inactive
Autotab,Summer 2023,Acquired,https://www.autotab.com/,AI agents reliable enough to do real work,B2B,"San Francisco, CA, USA",2024-02-15,1000000,Seed,Tracxn,1000000,,Tracxn only,,2,,,,,,,58dd5c5ae4b0372f4eb89009,YC lists the company as Acquired
Luca,Winter 2023,Inactive,https://askluca.com,The Modern Pricing Engine for Retail,B2B,"San Francisco, CA, USA",2023-04-27,2500000,Seed,Tracxn,3000000,,Tracxn only,,6,,,,,,,58dd6918e4b04ae5ab02ecf7,YC lists the company as Inactive
Peeba,Winter 2023,Inactive,https://peeba.com,Risk-free wholesale for retailers across Southeast Asia,B2B,"Jakarta, Jakarta, Indonesia",2022-04-07,,,Tracxn,5800000,,Tracxn only,,30,,,,,,,58dd76c4e4b0372f4ebda550,YC lists the company as Inactive
"Exosonic, Inc.",Winter 2020,Inactive,http://exosonic.com,Developing supersonic UAVs as a pathway to quiet supersonic flight,Industrials,"Los Angeles, CA, USA",2022-05-06,,,Tracxn,4125000,,Tracxn only,,14,,,,,,,58ddc853e4b0d836de5e40d7,YC lists the company as Inactive
withpoly,Summer,,http://withpoly.com,,,,2022-09-01,,,Tracxn,4000000,,Tracxn only,,,,,,,,,58de031ce4b0b2d87551933a,Missing from YC directory
Command AI,Summer 2020,Acquired,http://commandbar.com,AI-powered user assistance platform,B2B,"San Francisco, CA, USA",2022-04-28,,,Tracxn,23800000,,Tracxn only,,35,,,,,,,5903dd73e4b0a9f300ed3020,YC lists the company as Acquired
Jamsocket,Winter 2022,Acquired,https://driftingin.space,Run compute-intensive apps in a browser,B2B,"New York City, NY, USA",2022-08-11,,,Tracxn,3000000,,Tracxn only,,5,,,,,,,5904de85e4b05c77fbcafbeb,YC lists the company as Acquired
BuildStream,Summer 2019,Inactive,https://www.buildstream.co/,Workforce solutions for the construction industry,Real Estate and Construction,"London, England, United Kingdom; New York, NY, USA",2022-01-18,,,Tracxn,2252447,,Tracxn only,,9,,,,,,,590554f4e4b00ef0bdb737e1,YC lists the company as Inactive
Letter,Summer 2020,Inactive,https://letter.co,Beautifully designed banking for high net-worth individuals.,Fintech,"San Diego, CA, USA; Remote",2022-01-24,,,Tracxn,1618000,,Tracxn only,,9,,,,,,,5905b904e4b095f1bcf33f7b,YC lists the company as Inactive
Noya,Winter 2021,Inactive,https://www.noya.co,Radically reducing capital costs and build time for direct air capture,Industrials,"San Francisco, CA, USA",2023-03-02,21988934,Series A,Tracxn,22113934,,Tracxn only,,7,,,,,,,5905bb03e4b066e98ef73505,YC lists the company as Inactive
Ozone,Winter 2022,Inactive,https://ozone.pro,Figma for video,Consumer,"San Francisco, CA, USA",2023-11-08,7100000,Seed,Tracxn,7600000,,Tracxn only,,8,,,,,,,59068391e4b02172cf151a04,YC lists the company as Inactive
Compound,Summer 2019,Acquired,https://compoundplanning.com,Compound is a wealth manager for people who work at tech companies.,Fintech,"San Francisco, CA, USA",2022-01-27,,,Tracxn,37125000,,Tracxn only,,51,,,,,,,5906a3d2e4b0465c9d223e9a,YC lists the company as Acquired
Gordian,Winter,,https://www.gordiansoftware.com/,,,,2022-07-19,,,Tracxn,33000000,,Tracxn only,,,,,,,,,5906a798e4b02ce7b1301468,Missing from YC directory
Rehook.ai,Winter 2022,Inactive,http://shopr.tv,"Run, Track and manage any and all user incentive campaigns.",B2B,"Bengaluru, KA, India",2022-10-18,1700000,Seed,Tracxn,2200000,,Tracxn only,,12,,,,,,,5906bd0de4b066e98f0492c1,YC lists the company as Inactive
Spect,Summer 2017,Inactive,http://getspect.com,Value-based retinal screening in primary care to prevent blindness.,Healthcare,"San Francisco, CA, USA; Palo Alto, CA, USA; Remote",2021-11-30,,,Tracxn,5180000,,Tracxn only,,7,,,,,,,593b4bf5e4b05f62f05d75fc,YC lists the company as Inactive
Mighty Buildings,Winter 2018,Inactive,https://www.mightybuildings.com,"3D printing beautiful, high-quality, and sustainable homes.",Real Estate and Construction,"San Francisco, CA, USA; Oakland, CA, USA",2024-01-08,5000000,Grant (prize money),Tracxn,150000000,,Tracxn only,,200,,,,,,,5970eeb2e4b0ba8ec7afdcac,YC lists the company as Inactive
Altro,Summer 2020,Acquired,https://www.altro.io/,Build Credit With Your Subscriptions,Fintech,"Los Angeles, CA, USA; Remote",2024-03-07,4000000,Series A,Tracxn,24650000,,Tracxn only,,29,,,,,,,59895776e4b0bdbf35a330fc,YC lists the company as Acquired
Convictional,Winter,,https://get.convictional.com/,,,,2022-02-17,,,Tracxn,49104670,,Tracxn only,,,,,,,,,59cf96c6e4b03c8ff2e7a61a,Missing from YC directory
Milo,Winter 2020,Inactive,https://joinmilo.com,The Family AI - a copilot for parents to tackle the invisible load of…,Consumer,"San Francisco, CA, USA; Vancouver, BC, Canada; Seattle, WA, USA",2023-05-09,1173000,Seed,Tracxn,1298000,,Tracxn only,,4,,,,,,,5a1da225e4b0074339698640,YC lists the company as Inactive
Actiondesk,Summer 2019,Acquired,http://actiondesk.io,Access all your live data in one place,B2B,"New York City, NY, USA; San Francisco, CA, USA",2022-05-24,,,Tracxn,4050000,,Tracxn only,,4,,,,,,,5a5f761ce4b0eb94add1118d,YC lists the company as Acquired
Heroic-Faith,,,https://heroic-faith.com,,,,2023-08-16,15100000,Series A,Tracxn,19600000,,Tracxn only,,,,,,,,,5ac4f862e4b010f9d69a2540,"Missing from YC directory (YC fund investment, no YC batch on record)"
Hedgehogmushrooms,,,https://hedgehogmushrooms.com,,,,2024-06-26,12780166,Series A,Tracxn,13280166,,Tracxn only,,,,,,,,,5adcc896e4b048e0b825457d,"Missing from YC directory (YC fund investment, no YC batch on record)"
Squire.ai,Summer 2021,Inactive,http://usecodex.com,Never code alone.,B2B,"San Francisco, CA, USA; Canada",2021-12-14,,,Tracxn,4525000,,Tracxn only,,8,,,,,,,5adf8564e4b032c685ccb7b8,YC lists the company as Inactive
Coral Genomics,Summer 2018,Acquired,https://coralgenomics.com,New clinical tests for managing autoimmune treatments.,Healthcare,"San Francisco, CA, USA",2025-01-14,998939.08,Grant (prize money),Tracxn,150000,,Tracxn only,,5,,,,,,,5aecd05ae4b045fca2bea610,YC lists the company as Acquired
Onyx,Winter 2024,Acquired,https://onyx.app,Open Source AI Chat,B2B,"San Francisco, CA, USA",2025-03-13,10000000,Seed,Tracxn,10000000,,Tracxn only,,20,,,,,,,5aede6b4e4b045fca2c2812b,YC lists the company as Acquired
xFarm,,,https://www.xfarm.ag/en,,,,2024-10-09,39525480,Series C,Tracxn,60338050,,Tracxn only,,,,,,,,,5b03fbbfe4b0ac69808de9f4,"Missing from YC directory (YC fund investment, no YC batch on record)"
dNovo,Summer 2018,Inactive,https://www.dnovobio.com/,The cure for hair loss.,Healthcare,"San Francisco, CA, USA; San Jose, CA, USA",2022-01-24,,,Tracxn,2700000,,Tracxn only,,4,,,,,,,5b06fd91e4b06105ac235507,YC lists the company as Inactive
Sano,Winter,,https://sanogenetics.com,,,,2024-01-22,11400000,Series A,Tracxn,26472856,,Tracxn only,,,,,,,,,5b400980e4b0bdade476f9ba,Missing from YC directory
Premagic,,,https://premagic.com,,,,2024-12-05,708210,Seed,Tracxn,1477694,,Tracxn only,,,,,,,,,5b438944e4b00ce89b9f967e,"Missing from YC directory (YC fund investment, no YC batch on record)"
Zubale,,,https://www.zubale.com/,,,,2023-11-30,25000000,Series A,Tracxn,72300000,,Tracxn only,,,,,,,,,5b4a48dee4b0953579a5a209,"Missing from YC directory (YC fund investment, no YC batch on record)"
HomeRoom,Winter 2022,Acquired,https://livehomeroom.com,We Rent Your Property by the Room.  You earn 50% more Rent.,Real Estate and Construction,"San Francisco, CA, USA; San Jose, CA, USA; Remote",2022-01-11,,,Tracxn,1200000,,Tracxn only,,25,,,,,,,5b631330e4b0beae16da6b6d,YC lists the company as Acquired
Zeit Medical,Summer 2021,Inactive,http://zeitmedical.com,Immediate stroke detection at home,Healthcare,"San Francisco, CA, USA; Redwood City, CA, USA",2021-10-29,,,Tracxn,2125000,,Tracxn only,,2,,,,,,,5b8561f6e4b0f9313c1fbb13,YC lists the company as Inactive
Ruth Health,Summer 2021,Inactive,http://ruthhealth.com,Telehealth hub for pregnant people 🧡,Healthcare,"New York City, NY, USA; Los Angeles, CA, USA; New York, NY, USA; Remote",2022-04-28,,,Tracxn,3100000,,Tracxn only,,8,,,,,,,5c0170524f0c5f08391a63c9,YC lists the company as Inactive
Kurios,Summer 2021,Inactive,https://www.kurios.la,Cohort-based online courses for professionals in Latin America,Education,"Lima, Callao Region, Peru; Lima, Lima Province, Peru",2022-06-08,,,Tracxn,2425000,,Tracxn only,,10,,,,,,,5c09a66c8f08c116f2b13124,YC lists the company as Inactive
Candid Health,Winter 2020,Active,https://www.joincandidhealth.com,The autonomous revenue cycle management platform.,Healthcare,"San Francisco, CA, USA",2026-07-22,120000000,Equity,Verified (https://www.newswire.com/news/candid-health-raises-52-5-million-series-c-to-enhance-genai-features-22518346),99500000,,Both,https://www.sec.gov/Archives/edgar/data/2144950/000149315226034271/primary_doc.xml,200,Yes,36,12,0,https://candidhealth.com/careers,Front End Software Engineer; Software Engineer (Senior); Customer Strategy & Operations ; Medical Biller; Product Manager; Forward Deployed Software Engineer; BI (Analytics) Engineer; Data Analyst; Senior Product Designer; Lead Recruiter (GTM),5c13bda88f08de34edf6f309,Our verified total is over $200M (Tracxn equity total is lower)
Rider,Winter 2022,Acquired,http://withrider.com,Modern parcel delivery for online sellers in Pakistan.,B2B,"Karachi, Sindh, Pakistan; Sindh, Pakistan",2022-06-20,,,Tracxn,5525000,,Tracxn only,,180,,,,,,,5c49c9148f08a3a26dc0f916,YC lists the company as Acquired
Jam.gg (formerly Piepacker),Summer 2020,Inactive,http://piepacker.com,"Jam.gg, play couch games online with friends",Consumer,"San Francisco, CA, USA; Remote",2021-10-21,,,Tracxn,15150000,,Tracxn only,,0,,,,,,,5c4b1dd38f08acdce7caa89c,YC lists the company as Inactive
Apto Payments,Summer 2014,Acquired,http://aptopayments.com,API platform for partners to issue branded debit and credit cards to…,Fintech,"San Francisco, CA, USA",2022-04-12,,,Tracxn,45446617,,Tracxn only,,32,,,,,,,5c66c8378f08f827f577bb1c,YC lists the company as Acquired
Sable,Summer 2019,Acquired,http://sablecard.com,"Mobile bank for credit-worthy, new-to-America internationals offering…",Fintech,"New York City, NY, USA",2022-07-18,,,Tracxn,1150000,,Tracxn only,,12,,,,,,,5c7a8dcb9adc10540464ce06,YC lists the company as Acquired
Hyper Online,Summer 2020,Inactive,https://blog.hyper.online/,Social avatar platform for VTubers,Consumer,"San Francisco, CA, USA",2023-06-12,3600000,Seed,Tracxn,3750000,,Tracxn only,,2,No,0,,,,,5ca0ccee2290d42344a1ad3b,YC lists the company as Inactive
Payflow,Summer 2020,Inactive,https://trytoolbox.com,"AI FP&A Agent for insights, reports, planning and forecasting.",B2B,"New York City, NY, USA",2022-04-08,,,Tracxn,7836327,,Tracxn only,,7,,,,,,,5ca8b5c9e343fb3aba2e6e16,YC lists the company as Inactive
Mable,Summer 2021,Acquired,http://neurolytic-healthcare.com,First personalized migraine clinic using genetics and telehealth.,Healthcare,"London, England, United Kingdom; San Francisco, CA, USA; Remote",2022-07-27,,,Tracxn,3200000,,Tracxn only,,7,,,,,,,5ceb945fe5105b1634f0988a,YC lists the company as Acquired
InnoVein,Winter 2016,Inactive,https://innovein.com,We cure intractable leg wounds with a replacement valve for veins.,Healthcare,"San Francisco, CA, USA; San Carlos, CA, USA",2023-02-06,2545164,Series A,Tracxn,13414097,,Tracxn only,,5,,,,,,,5ced416be5105b2b31b394bb,YC lists the company as Inactive
R2,Winter 2021,Acquired,https://r2.co,Embedded lending infrastructure,Fintech,"Mexico City, CDMX, Mexico",2024-11-29,9000000,Series A,Tracxn,30025000,,Tracxn only,,100,,,,,,,5cf4a12e2dca0f160d734b0d,YC lists the company as Acquired
Soteris,Summer,,https://soteris.co,,,,2025-06-20,8049995,Series A,Tracxn,8199995,,Tracxn only,,,,,,,,,5cf5f756b2e199162d033335,Missing from YC directory
Farmako,Summer,,http://farmako.in,,,,2024-08-12,1600000,Seed,Tracxn,3100000,,Tracxn only,,,,,,,,,5d729aadf256b9200cab86c0,Missing from YC directory
Blotout,Winter,,https://www.blotout.io/,,,,2021-11-03,,,Tracxn,6038194,,Tracxn only,,,,,,,,,5d9930776810c406524b3f42,Missing from YC directory
Almond,Summer 2022,Inactive,https://almondobgyn.com,We make it easy to get great ObGyn care  in-person and over telehealth,Healthcare,"Los Angeles, CA, USA",2022-11-23,7198993,Series A,Tracxn,7698993,,Tracxn only,,6,Yes,0,,,,,5dab22236810c457361f0cd0,YC lists the company as Inactive
Bold Care,,,https://boldcare.in,,,,2024-11-13,5000000,Series A,Tracxn,16330458,,Tracxn only,,,,,,,,,5dcb14e67ce88a57fa6d2d8e,"Missing from YC directory (YC fund investment, no YC batch on record)"
Atmos,Summer 2020,Inactive,http://buildatmos.com,"The entire homebuilding process, all online",Real Estate and Construction,"San Francisco, CA, USA",2022-11-15,12500000,Series A,Tracxn,20622013,,Tracxn only,,30,,,,,,,5dd571f3f0e6f6561af7445b,YC lists the company as Inactive
Moxion Power Co.,Winter 2021,Inactive,http://moxionpower.com,Mobile Energy Storage Technology,Industrials,"San Francisco, CA, USA; Richmond, CA, USA",2022-09-28,100000000,Series B,Tracxn,112114999,,Tracxn only,,380,,,,,,,5dde9801f0e6f63d91b439f3,YC lists the company as Inactive
Rain,,,https://rain.ai,,,,2024-05-26,8100000,Series A,Tracxn,40000000,,Tracxn only,,,,,,,,,5de2379af0e6f64d7821972b,"Missing from YC directory (YC fund investment, no YC batch on record)"
SolarMente,Summer 2021,Inactive,http://solarmente.es,Home electrification at $0 upfront cost,Consumer,"Barcelona, CT, Spain",2023-04-14,55120000,Seed,Tracxn,55245000,,Tracxn only,,65,,,,,,,5e1db977928ab01aff6ec947,YC lists the company as Inactive
Pariti,,,https://www.pariti.io/,,,,2021-12-06,,,Tracxn,3432998,,Tracxn only,,,,,,,,,5e4eaaead9cddb7af70a0eca,"Missing from YC directory (YC fund investment, no YC batch on record)"
Teleo,Winter 2020,Acquired,https://www.teleo.ai/,Supervised Autonomous Heavy Equipment,Industrials,"San Francisco, CA, USA; Palo Alto, CA, USA",2024-10-18,7000000,Series A,Tracxn,29800000,,Tracxn only,,30,,,,,,,5e6964b249034b1f75f9a1c8,YC lists the company as Acquired
StartPlaying,Winter,,https://startplaying.games,,,,2022-05-13,,,Tracxn,6650000,,Tracxn only,,,,,,,,,5e768ce70acf217e758713d5,Missing from YC directory
sturdyfinance.com,Winter,,https://sturdyfinance.com,,,,2022-03-16,,,Tracxn,3900000,,Tracxn only,,,,,,,,,5e8fcf2dc524b53a462998bf,Missing from YC directory
Fingo Africa,Summer 2021,Acquired,https://fingo.africa,A neobank for Africa's 500 million youth,Fintech,"Nairobi, Nairobi County, Kenya",2023-05-05,4000000,Seed,Tracxn,4250000,,Tracxn only,,8,,,,,,,5f07774903080859dcf339ba,YC lists the company as Acquired
PropReturns,Summer 2021,Inactive,https://propreturns.com,End-to-end commercial real estate transaction platform,Real Estate and Construction,"MH, India",2021-12-16,,,Tracxn,1325000,,Tracxn only,,40,,,,,,,5f1b343db2dd701713a5a77c,YC lists the company as Inactive
Dropbase,Winter 2020,Inactive,http://dropbase.io,AI app builder for internal tools. Build back-office software faster…,B2B,"San Francisco, CA, USA",2022-08-11,,,Tracxn,1900000,,Tracxn only,,8,,,,,,,5f1d71974731a60fe8d16d97,YC lists the company as Inactive
Promoted.ai,Winter 2021,Acquired,http://promoted.ai,Dramatically better search and ads for marketplaces,B2B,"Seattle, WA, USA",2022-07-01,,,Tracxn,8000000,,Tracxn only,,12,,,,,,,5f31d24aa8fef216b52109df,YC lists the company as Acquired
Quell,Summer 2020,Acquired,https://playquell.com,Get fit fighting your way through a fantasy world.,Consumer,"London, England, United Kingdom",2023-02-20,10000000,Series A,Tracxn,15600000,,Tracxn only,,40,,,,,,,5f4a97969bf66e15d9833f62,YC lists the company as Acquired
Tablevibe,Summer 2021,Acquired,https://www.tablevibe.co/,Direct Ordering Software for Restaurants,B2B,"Singapore, Singapore; Remote",2021-11-30,,,Tracxn,1625000,,Tracxn only,,10,,,,,,,5f71ecac78101d31662c4356,YC lists the company as Acquired
Heimdal,Summer 2021,Inactive,https://heimdalccu.com,Affordable and verified direct air carbon capture and storage,Industrials,"Denver, CO, USA",2021-11-29,,,Tracxn,17202007,,Tracxn only,,12,,,,,,,5f8605e9af0eda16aa84b5ec,YC lists the company as Inactive
Cloudthread,Summer 2021,Acquired,http://cloudthread.io,Eliminate Cloud Waste. Attribute and Track Savings. Engage Engineers.,B2B,"San Francisco, CA, USA",2021-12-15,,,Tracxn,3125000,,Tracxn only,,8,,,,,,,5f92e57bc307176b9006f364,YC lists the company as Acquired
MadEats,Summer 2021,Acquired,https://madeats.co/password,Online delivery-only restaurant group in the Philippines,Consumer,"Makati, NCR, Philippines",2022-04-25,,,Tracxn,1825000,,Tracxn only,,,,,,,,,5fdb3817655da9a9f8e26a92,YC lists the company as Acquired
Nino Foods,Summer 2021,Inactive,https://eatnino.com,Building India's fast food empire,Consumer,"MH, India",2021-12-13,,,Tracxn,1725000,,Tracxn only,,250,,,,,,,5fdcbc83b175471e96be3e06,YC lists the company as Inactive
ResistanceBio,Winter 2019,Inactive,https://resistance.bio,We solve drug resistance for cancer,Healthcare,"San Francisco, CA, USA; Overland, MO, USA",2024-01-29,12776288,Series A,Tracxn,12896288,,Tracxn only,,15,,,,,,,5ff9db63a321ae1e0d530bba,YC lists the company as Inactive
ngrow.ai,Winter 2022,Inactive,https://www.ngrow.ai/,Low-code SaaS for marketing in push notifications,B2B,"San Francisco, CA, USA",2022-12-21,2300000,Seed,Tracxn,2800000,,Tracxn only,,11,,,,,,,6001be5b28a00f1e2cf23beb,YC lists the company as Inactive
Fello,Winter 2022,Inactive,https://fello.in,Grow money and win $1000 every week by saving and playing games,Fintech,"Bengaluru, KA, India",2022-12-06,4000000,Series A,Tracxn,5558033,,Tracxn only,,24,,,,,,,6001ef9ceee4bd1e83c8abf9,YC lists the company as Inactive
Onsite Pro,Summer 2021,Inactive,https://www.joingreenwork.com/,Revolutionizing digital selling within HVAC,B2B,"San Francisco, CA, USA",2021-11-02,,,Tracxn,2525000,,Tracxn only,,4,,,,,,,600ae4aa02ff71687e762a72,YC lists the company as Inactive
"Warmly,",Summer 2020,Acquired,https://www.warmly.ai/,[Acquired by HubSpot in 2026] Autonomous sales platform to auto-email…,B2B,"San Francisco, CA, USA; Remote",2025-02-04,6000000,Series A,Tracxn,19120000,,Tracxn only,,60,,,,,,,6033bd0f9a3f831eb34d17a8,YC lists the company as Acquired
Blacktop Hoops,Summer,,https://www.blacktophoopsvr.com/,,,,2023-04-18,5100000,Seed,Tracxn,5600000,,Tracxn only,,,,,,,,,6081b603df77e41cfe74d208,Missing from YC directory
Pivo Technology Inc,Summer 2022,Inactive,http://pivo.africa,Digital Bank for Freight Carriers in Africa.,Fintech,"Lagos, LA, Nigeria; LA, Nigeria",2022-11-21,2000000,Seed,Tracxn,3050000,,Tracxn only,,11,,,,,,,60960b782e52651cdd1e227b,YC lists the company as Inactive
Pina Earth,Winter 2022,Acquired,https://www.pina.earth/,Unlocking carbon markets for European forest owners,Industrials,"Munich, BY, Germany",2022-02-02,,,Tracxn,2500000,,Tracxn only,,25,No,0,0,0,,,60cd41438d68491dff7d32f5,YC lists the company as Acquired
Chaos Genius,Winter 2020,Acquired,http://chaosgenius.io,DataOps Observability Platform for Snowflake,B2B,"Bengaluru, KA, India; San Francisco, CA, USA; Remote",2023-01-03,3300000,Seed,Tracxn,3425000,,Tracxn only,,10,,,,,,,60d5c302c99aec0de461c6a3,YC lists the company as Acquired
Dyte,Winter 2021,Acquired,https://dyte.io,"Real-time audio & video SDKs, ready to launch 🚀",B2B,"Bengaluru, KA, India; Remote",2022-04-07,,,Tracxn,15470826,,Tracxn only,,45,,,,,,,60db5e66bc5e3d42d7a905e0,YC lists the company as Acquired
Algofi,Summer 2021,Inactive,http://algofi.org,Building the new financial system,Fintech,,2021-11-30,,,Tracxn,2922630,,Tracxn only,,7,,,,,,,60ee2f1878291e1e763ad9db,YC lists the company as Inactive
Byte Kitchen,Summer 2021,Acquired,https://www.bytekitchen.io/,Increasing restaurant profitability through our AI Operating System,Consumer,"San Francisco, CA, USA; San Mateo, CA, USA",2022-08-16,,,Tracxn,6000000,,Tracxn only,,5,,,,,,,60f8f3a07326f70943cf6efe,YC lists the company as Acquired
Marathon Education,Winter 2022,Inactive,https://marathon.edu.vn,We provide live after-school tutoring to K-12 students in Vietnam,Education,"Ho Chi Minh City, Ho Chi Minh City, Vietnam; Ho Chi Minh City, Vietnam; Remote",2022-10-06,5100000,Seed,Tracxn,7100000,,Tracxn only,,20,,,,,,,61264509c976ec0efc8fca08,YC lists the company as Inactive
Opkit,Summer 2021,Inactive,http://opkit.co,AI phone calls for the US healthcare industry,Healthcare,"New York City, NY, USA; New York, NY, USA",2023-03-07,1000000,Seed,Tracxn,1125000,,Tracxn only,,,,,,,,,613f3fe8aca3740abb933b64,YC lists the company as Inactive
buildspace,Summer 2020,Inactive,https://buildspace.so,we're the place where people build cool shit.,Education,"San Francisco, CA, USA",2022-11-11,10000000,Series A,Tracxn,10500000,,Tracxn only,,5,,,,,,,614d201fb4e53113f494de7b,YC lists the company as Inactive
HEO,,,https://www.heospace.com/,,,,2026-09-21,25000000,Series B,Tracxn,32688292,,Tracxn only,,,,,,,,,61699b3f6c079f167eca36cc,"Missing from YC directory (YC fund investment, no YC batch on record)"
Tola,Winter 2022,Acquired,https://usetola.com,"The simple, fast and free tool for businesses to pay and get paid",Fintech,"San Francisco, CA, USA; New York, NY, USA; Remote",2024-11-01,10200000,Seed,Tracxn,10200000,,Tracxn only,,12,,,,,,,616db7aea50fb3136b013699,YC lists the company as Acquired
Cashmere,Winter 2022,Inactive,http://cashmere.finance,Crypto wallet for web3 startups,Fintech,"San Francisco, CA, USA",2022-08-09,,,Tracxn,3500000,,Tracxn only,,3,,,,,,,61795dc59fdfe0152b9d9740,YC lists the company as Inactive
CheQ,,,https://cheq.one,,,,2024-06-18,2213747,Seed,Tracxn,17786623,,Tracxn only,,,,,,,,,61948b0e71b73518c4cbb8f0,"Missing from YC directory (YC fund investment, no YC batch on record)"
Proper,Winter 2022,Acquired,https://www.properfinance.io,Reconciliation and financial operations platform,B2B,"San Francisco, CA, USA",2022-06-08,,,Tracxn,4800000,,Tracxn only,,10,,,,,,,61ec7fbeece70a661d8b55c6,YC lists the company as Acquired
Criya,Winter 2022,Inactive,https://www.criya.co,AI that builds GTM assets in seconds,B2B,"San Francisco, CA, USA",2024-08-17,5350000,Seed,Tracxn,5850000,,Tracxn only,,5,,,,,,,621629870f0e03650f8beab9,YC lists the company as Inactive
Noble,Winter 2021,Inactive,http://benoble.io,Risk decisioning platform,B2B,"Tel Aviv-Yafo, Tel Aviv District, Israel",2022-09-21,18000000,Series A,Tracxn,18125000,,Tracxn only,,12,,,,,,,62170df8234bbf703f52c976,YC lists the company as Inactive
Insempra,Winter,,https://insempra.bio,,,,2024-05-08,20000000,Series A,Tracxn,35500000,,Tracxn only,,,,,,,,,623382ea86ceb643a062074c,Missing from YC directory
Jasmine Energy,Summer 2022,Inactive,http://jasmine.energy,Claim solar incentives with AI,B2B,"Washington, DC, USA; Remote",2025-12-08,25000000,Conventional Debt,Tracxn,3000000,,Tracxn only,,5,,,,,,,62a3d60673b3b117e910f2a5,YC lists the company as Inactive
Rerun,,,https://rerun.io,,,,2025-03-20,17000000,Seed,Tracxn,20365504,,Tracxn only,,,,,,,,,62b2f3864b9cb2601020b93e,"Missing from YC directory (YC fund investment, no YC batch on record)"
Shuttle,Summer 2020,Inactive,http://shuttle.rs,Build Backends. Fast.,B2B,"London, England, United Kingdom",2025-10-23,6000000,Seed,Tracxn,6000000,,Tracxn only,,12,,,,,,,62b35551bea0d1136f302b72,YC lists the company as Inactive
Airtrain AI,Summer 2022,Inactive,https://www.sematic.dev/,No-code data curation for LLM fine-tuning and evaluation.,B2B,"San Francisco, CA, USA",2022-11-17,3000000,Seed,Tracxn,3500000,,Tracxn only,,5,,,,,,,62c62c65662ece02c169a1e2,YC lists the company as Inactive
Numeral One,Winter,,http://numeralhq.com,,,,2025-09-18,35000000,Series B,Tracxn,57000000,,Tracxn only,,,,,,,,,62d49bf27a0f133faad92f09,Missing from YC directory
Drip,Summer 2022,Inactive,https://dripapp.com.br,Shop and pay in installments anywhere,Fintech,"São Paulo, SP, Brazil; Remote",2023-10-02,8000000,Series A,Tracxn,8500000,,Tracxn only,,15,,,,,,,62d50d145796520fd60b93aa,YC lists the company as Inactive
Oven,,,http://oven.sh,,,,2022-08-26,,,Tracxn,7000000,,Tracxn only,,,,,,,,,6308b1bd41df99352f49c282,"Missing from YC directory (YC fund investment, no YC batch on record)"
Streamdal,Summer 2020,Inactive,https://streamdal.com,Data Quality & Playback Platform,B2B,"Portland, OR, USA; Remote",2023-02-08,5400000,Seed,Tracxn,12792507,,Tracxn only,,9,,,,,,,630ac18cd794e3436e57d241,YC lists the company as Inactive
Onyx Private,Winter 2022,Acquired,https://www.onyxprivate.com/,A modern and more accessible private bank for the new generation,Fintech,"Miami, FL, USA",2023-05-22,4100000,Series A,Tracxn,4100000,,Tracxn only,,10,,,,,,,63417909a08ebb21213ce910,YC lists the company as Acquired
Nino Partner,,,https://ninopartner.com,,,,2021-12-13,,,Tracxn,1725000,,Tracxn only,,,,,,,,,637ff91939ffcb32f897443c,"Missing from YC directory (YC fund investment, no YC batch on record)"
Tarsal,Summer 2021,Acquired,http://tarsal.co,Data pipeline for your security data lake.,B2B,"New York City, NY, USA; San Francisco, CA, USA; Remote",2024-03-21,6000000,Seed,Tracxn,6000000,,Tracxn only,,10,,,,,,,63828857f1abbb53db95fc5a,YC lists the company as Acquired
Levo Treasury,,,http://levotreasury.io,,,,2022-06-22,,,Tracxn,1325000,,Tracxn only,,,,,,,,,63a4c529aa50c4650c36a45f,"Missing from YC directory (YC fund investment, no YC batch on record)"
Rubber Ducky Labs,Winter 2023,Inactive,https://www.rubberduckylabs.io/,AI Powered Product Discovery,B2B,"San Francisco, CA, USA; Remote",2023-06-22,1500002,Seed,Tracxn,2000002,,Tracxn only,,2,,,,,,,63a4c6320f30921f426ee740,YC lists the company as Inactive
GoodCourse,Winter 2023,Inactive,http://goodcourse.co,The TikTok style corporate training platform,B2B,"London, England, United Kingdom",2021-11-10,,,Tracxn,1273068,,Tracxn only,,8,,,,,,,63abf0029e81a311cfc5916c,YC lists the company as Inactive
Defog,Winter,,https://defog.ai,,,,2023-11-22,2200000,Seed,Tracxn,2700000,,Tracxn only,,,,,,,,,63c81419e929fb1d116b2b9d,Missing from YC directory
OmniRetail,,,https://omniretail.africa,,,,2025-04-28,20000000,Series A,Tracxn,20000000,,Tracxn only,,,,,,,,,63cc47eb24a07b32e7a8fcc2,"Missing from YC directory (YC fund investment, no YC batch on record)"
Metal Technologies,Winter,,http://getmetal.io,,,,2023-06-26,2500000,Seed,Tracxn,2500000,,Tracxn only,,,,,,,,,63d19b5c7de2153182d7cc72,Missing from YC directory
Lavo Life Sciences,Winter 2023,Inactive,http://lavo.ai,AI for drug formulation,Healthcare,,2025-07-11,1213322,Grant (prize money),Tracxn,500000,,Tracxn only,,3,,,,,,,63de331b5118892cef15045e,YC lists the company as Inactive
Vocode,Winter 2023,Acquired,http://vocode.dev,Open source Voice AI,B2B,"San Francisco, CA, USA",2024-02-08,3250000,Seed,Tracxn,3750000,,Tracxn only,,3,,,,,,,63e599a57a469f3dad104f10,YC lists the company as Acquired
Illumion,,,https://illumion.io,,,,2024-12-03,2661561,Seed,Tracxn,3161561,,Tracxn only,,,,,,,,,63f46af57f1b0e30b4b15035,"Missing from YC directory (YC fund investment, no YC batch on record)"
Channel Robotics,,,https://www.channelrobotics.com/,,,,2026-06-02,4718586,Seed,Tracxn,6818586,,Tracxn only,,,,,,,,,63f63713e7c58e1249032725,"Missing from YC directory (YC fund investment, no YC batch on record)"
Kintsugi,,,https://www.trykintsugi.com/,,,,2025-04-14,24984670,Series B,Tracxn,34984670,,Tracxn only,,,,,,,,,640f4401cc82951374213e3a,"Missing from YC directory (YC fund investment, no YC batch on record)"
Persana AI,Winter 2023,Acquired,https://persana.ai,Sales Agents with 100+ data sources to close more deals,B2B,"San Francisco, CA, USA",2024-11-01,2300000,Seed,Tracxn,2800000,,Tracxn only,,2,,,,,,,64106a9e9d181517c3569505,YC lists the company as Acquired
Atla,Summer 2023,Inactive,https://atla-ai.com,The improvement engine for AI agents,B2B,"London, England, United Kingdom",2023-12-07,5000000,Seed,Tracxn,5499998,,Tracxn only,,10,,,,,,,644011d6ada9317d78505fd6,YC lists the company as Inactive
Langfuse,Winter 2023,Acquired,https://langfuse.com,Open source LLM engineering platform,B2B,"Berlin, Berlin, Germany",2023-11-07,4000000,Seed,Tracxn,4500000,,Tracxn only,,26,,,,,,,644588a72dcfa96a0f6ccdc1,YC lists the company as Acquired
Cheq,Summer,,https://www.chequpi.com/,,,,2022-06-29,,,Tracxn,10808400,,Tracxn only,,,,,,,,,648b4d2c815c451d04d42a94,Missing from YC directory
Tube 11,,,http://tube11.in,,,,2022-07-25,,,Tracxn,3500000,,Tracxn only,,,,,,,,,64916ad77f7fc979918eb0d0,"Missing from YC directory (YC fund investment, no YC batch on record)"
Catamaran,Summer 2023,Acquired,https://www.catxre.com,The AI-powered risk decision platform,Fintech,"London, England, United Kingdom",2023-11-23,2700000,Seed,Tracxn,2700000,,Tracxn only,,5,,,,,,,6499d40b0bf2a240c43e991c,YC lists the company as Acquired
StackWealth,,,https://stackwealth.in,,,,2021-12-16,,,Tracxn,4917349,,Tracxn only,,,,,,,,,64b4342a4d0a7c3ad49760d2,"Missing from YC directory (YC fund investment, no YC batch on record)"
Bland,,,https://www.bland.ai/,,,,2026-06-16,50000000,Series C,Tracxn,115000000,,Tracxn only,,,,,,,,,64ec3617231eec6d8715e2bc,"Missing from YC directory (YC fund investment, no YC batch on record)"
Athina,Winter,,https://www.athina.ai/,,,,2024-11-14,3000000,Seed,Tracxn,4100000,,Tracxn only,,,,,,,,,650fee195920be4c19e629ba,Missing from YC directory
Coval.ai,,,http://coval.ai,,,,2026-06-23,28000000,Series A,Tracxn,31300000,,Tracxn only,,,,,,,,,652e84159d839c47e521e4ce,"Missing from YC directory (YC fund investment, no YC batch on record)"
Matterworks,,,https://www.matterworks.ai/,,,,2022-03-15,,,Tracxn,15900000,,Tracxn only,,,,,,,,,659df14435796e520dd9658f,"Missing from YC directory (YC fund investment, no YC batch on record)"
Synch,Summer 2023,Inactive,http://withsynch.com,Supercharging Sales,B2B,"New York City, NY, USA",2024-03-12,3000000,Seed,Tracxn,3000000,,Tracxn only,,4,,,,,,,65d3a184d2d1702d8ed4a856,YC lists the company as Inactive
Integration Labs,Summer 2022,Inactive,http://integrationlabs.co,The Unified API for Business Financial Data,B2B,"Bengaluru, KA, India",2023-05-22,1500000,Seed,Tracxn,2000000,,Tracxn only,,8,,,,,,,660b87fa58955300a91c8986,YC lists the company as Inactive
Taxo,Summer,,https://taxo.ai,,,,2025-03-27,5000000,Seed,Tracxn,5500000,,Tracxn only,,,,,,,,,66335cc9e8ae1e05c33b2d7c,Missing from YC directory
Podium Automation,,,https://www.podiumautomation.com/,,,,2026-06-15,18000000,Series A,Tracxn,23000000,,Tracxn only,,,,,,,,,664f784d41cf632d2f016523,"Missing from YC directory (YC fund investment, no YC batch on record)"
AdvantageClub.ai,Summer,,https://www.advantageclub.ai/,,,,2024-12-02,4000000,Seed,Tracxn,11000000,,Tracxn only,,,,,,,,,666915c561e7b17402a22ed4,Missing from YC directory
Unfaze AI,Summer 2020,Inactive,https://unfaze.ai,Create stunning product images and short-form promotional videos 10x…,B2B,"San Francisco, CA, USA",2024-06-12,6000000,Series A,Tracxn,6000000,,Tracxn only,,7,,,,,,,6671616614810b6b25047b98,YC lists the company as Inactive
Vorflux,,,https://vorflux.com,,,,2026-07-15,15000000,Seed,Tracxn,15000000,,Tracxn only,,,,,,,,,66adfe6a2eb38a0c9a20c2c2,"Missing from YC directory (YC fund investment, no YC batch on record)"
WithWoz,Winter,,https://www.withwoz.com/,,,,2025-03-28,6000000,Seed,Tracxn,6499998,,Tracxn only,,,,,,,,,66e467637126857dd387a326,Missing from YC directory
Procol,,,https://www.procol.ai/,,,,2022-06-17,,,Tracxn,11178244,,Tracxn only,,,,,,,,,66fe27239b00ef0f4509af4a,"Missing from YC directory (YC fund investment, no YC batch on record)"
Mentra Labs,,,https://mentraglass.com,,,,2025-06-30,8000000,Series A,Tracxn,8000000,,Tracxn only,,,,,,,,,677c0ede9225de02ba797696,"Missing from YC directory (YC fund investment, no YC batch on record)"
Nia,,,https://trynia.ai,,,,2025-10-01,6200000,Seed,Tracxn,7050000,,Tracxn only,,,,,,,,,67b0e0e1cbb50d6f6e92eb4e,"Missing from YC directory (YC fund investment, no YC batch on record)"
Poetic,,,https://poetiq.ai,,,,2026-02-02,45800000,Seed,Tracxn,45800000,,Tracxn only,,,,,,,,,67f68b1749f0176b6111bc04,"Missing from YC directory (YC fund investment, no YC batch on record)"
Golpo Story,Summer,,https://golpoai.com,,,,2025-10-20,4100000,Seed,Tracxn,4100000,,Tracxn only,,,,,,,,,684f0bdaf171ad5b78943a52,Missing from YC directory
Golpo.ai,,,https://www.golpo.ai,,,,2025-10-20,4100000,Seed,Tracxn,4100000,,Tracxn only,,,,,,,,,68f857087c55f608e160d8ff,"Missing from YC directory (YC fund investment, no YC batch on record)"
Jeeves,Summer 2020,Active,http://www.tryjeeves.com,International banking infrastructure for global startups.,Fintech,"Miami, FL, USA; New York, NY, USA; Remote",2026-09-29,110000000,,Verified (https://www.theinvestorsociety.com/jeeves-raises-us-110m-to-move-corporate-money-on-stablecoin-rails/),380000000,,Verified only,https://www.ycombinator.com/companies/jeeves,150,No,67,8,4,https://www.tryjeeves.com/careers,Account Executive; Account Executive; Account Executive; Account Executive; Account Executive; Account Executive; Account Executive - Stablecoin Solutions; Account Executive - Stablecoin Solutions; Account Executive - Stablecoin Solutions; Account Executive - Stablecoin Solutions,,Total raised over $200M
Angle Health,Winter 2020,Active,https://www.anglehealth.com,Health Insurance for Startups,Fintech,"San Francisco, CA, USA",2026-09-18,200000000,,Verified (https://techcrunch.com/2026/09/18/y-combinator-insurance-tech-alum-angle-health-hits-2-7b-valuation/),600000000,,Verified only,https://www.anglehealth.com,100,No,1,0,0,https://www.anglehealth.com/careers,Benefits Consultant (GA),,Total raised over $200M
REGENT,Winter 2021,Active,http://regentcraft.com,"All-electric seagliders for fast, affordable regional transportation",Industrials,"North Kingstown, RI, USA",2026-08-27,240000000,Equity,Verified (https://www.regentcraft.com/news/regent-secures-240-million-series-b-funding-to-scale-seaglider-manufacturing-and-transform-maritime-mobility),340000000,,Verified only,https://www.sec.gov/Archives/edgar/data/1870184/000187018424000002/primary_doc.xml,40,No,10,0,0,https://www.regentcraft.com/careers,"Director, M&A and Portfolio Improvement; Director, Tax; Head of Global Communications; Legal Counsel, Litigation; Legal Counsel, Media & Technology; Legal Counsel, Restructuring; Payroll Coordinator (Part-time); Recruiter; Senior Associate, M&A and Portfolio Improvement; Senior Server Operations Admin",,Total raised over $200M
Corgi Insurance,Summer 2024,Active,https://corgi.com,Corgi is building an AI financial infrastructure company,Fintech,"San Francisco, CA, USA",2026-08-21,16199417,Equity,Verified (SEC Form D 0002074564-26-000005),431527611,,Verified only,https://www.sec.gov/Archives/edgar/data/2074564/000207456426000003/primary_doc.xml,250,Yes,67,1,0,,Business Development Representative ; Senior Accountant; Strategic Projects Associate; Financial Operations Associate; VP of Operations; Sports & Entertainment Underwriting Manager; Senior Full Stack Software Engineer,,Total raised over $200M
Whatnot,Winter 2020,Active,https://www.whatnot.com/careers/discover,Whatnot is the largest livestream shopping platform in the U.S.,Consumer,"Los Angeles, CA, USA; Remote",2026-08-07,545000000,Equity,Verified (https://www.pymnts.com/news/investment-tracker/2026/live-commerce-platform-whatnot-raises-545-million-to-speed-ai-expansion/),1513000000,,Verified only,https://www.sec.gov/Archives/edgar/data/1844768/000184476826000001/primary_doc.xml,1500,Yes,145,0,0,,"Account Executive; Account Executive, UK; Account Manager (German speaking) (m/w/d); AI Tooling Engineer; Android Engineer; Business Operations Manager/Sr Manager; Business Operations Manager/Sr Manager - French Speaking; Business Operations Manager/Sr Manager - French Speaking; Category Associate (French-speaking); Category Associate, Japan",,Total raised over $200M
Zepto,Winter 2021,Active,https://www.zeptonow.com/,10-Minute Grocery Delivery in India,Consumer,"MH, India",2026-08-01,,,Verified (https://www.storyboard18.com/amp/brand-marketing/zepto-eyes-listing-in-2-to-3-quarters-announces-pre-ipo-equity-placement-106344.htm),2450000000,,Verified only,https://techcrunch.com/2024/06/20/zepto-a-10-minute-delivery-app-raises-665-million-at-3-6-billion-valuation/,1300,No,0,0,0,,,,Total raised over $200M
Emergent,Summer 2024,Active,https://emergent.sh,AI app builder that turns your ideas into monetizable software.,Consumer,"San Francisco, CA, USA",2026-07-15,130000000,,Verified (https://techcrunch.com/2026/07/15/indian-ai-coding-startup-emergent-becomes-a-unicorn-just-over-a-year-after-launch/),230000000,,Verified only,https://www.ycombinator.com/companies/emergent,,Yes,37,0,0,https://emergent.sh/careers,Software Engineer - Infrastructure; Senior AI Research Engineer ; Senior Software Engineer  - Frontend ; Product Designer; Chief Financial Officer; AI Analyst - Business Analytics and Product Intelligence; Analytics & Data Science Leader; Community Manager Intern; Forward Deployed Engineer (FDE); Investor Relations Lead,,Total raised over $200M
Supabase,Summer 2020,Active,https://supabase.com,Build in a weekend. Scale to millions.,B2B,"San Francisco, CA, USA; Remote",2026-06-04,500000000,Equity,Verified (https://www.prnewswire.com/news-releases/supabase-raises-500m-at-10-5b-to-accelerate-lead-in-agentic-infrastructure-302791787.html),1172993039,,Verified only,https://www.sec.gov/Archives/edgar/data/1829334/000182933426000003/primary_doc.xml,120,No,48,34,0,https://supabase.com/careers,Customer Solution Architect (AMER); Support Engineer (EMEA); Support Engineer (AMER); Support Engineer (APAC); Multigres Engineer; Developer Relations Engineer ; Support Engineer (AMER - Weekends); Support Engineer (EMEA - Weekends);  Account Executive (EMEA); Postgres Engineer (AMER),,Total raised over $200M
H1,Winter 2020,Active,https://www.h1.co/,Connecting stakeholders across the healthcare ecosystem.,Healthcare,"New York City, NY, USA; New York, NY, USA",2026-05-28,40000000,Equity,Verified (https://en.wikipedia.org/wiki/H1_Inc.),271036555,,Verified only,https://www.sec.gov/Archives/edgar/data/1837632/000123191922000036/primary_doc.xml,500,No,23,6,2,https://www.h1.co/company/careers/,"Backend Engineer II - Healthcare; Clinical Sales Account Manager; Corporate Development Associate; Data Engineer II- Life Sciences; Director, Clinical Product Management; Director, Software Engineering; Enterprise Account Executive, Digital Health; Group Product Manager, Clinical; Principal Analyst, Data Integration; Principal Customer Success Manager - Pharma",,Total raised over $200M
Exa,Summer 2021,Active,https://exa.ai,Web search rebuilt for LLMs,B2B,"San Francisco, CA, USA",2026-05-20,250000000,Series C,Verified (https://exa.ai/blog/announcing-series-c),357000000,,Verified only,https://www.sec.gov/Archives/edgar/data/2024864/000202486426000003/primary_doc.xml,75,No,55,19,5,https://exa.ai/careers,"Technical Recruiter; Account Executive; Brand Designer; Software Engineer, Backend; Forward Deployed Engineer; Business Operations; Software Engineer, Web Crawling; Research, ML; Research Engineer, Generalist; Software Engineer, Intern",,Total raised over $200M
Astranis,Winter 2016,Active,http://www.astranis.com,Advanced satellites for high orbits.,Industrials,"San Francisco, CA, USA",2026-05-06,300000000,Equity,Verified (https://www.astranis.com/blog/series-e-raise-advanced-high-orbit-spacecraft),1200000000,,Verified only,https://www.sec.gov/Archives/edgar/data/1715660/000171566021000003/primary_doc.xml,500,Yes,174,77,0,https://www.astranis.com/careers,"Aerospace Fabricator; Antenna Associate (Summer 2027); Antenna Associate (Winter 2027); Antenna Intern (Summer 2027); Antenna Intern (Winter 2027); Assembly, Integration, and Test Intern (Summer 2027); Assembly, Integration, and Test Intern (Winter 2027); Assembly, Integration, and Test Technician; Automation & Controls Engineering Associate (Summer 2027); Automation & Controls Engineering Associate (Winter 2027)",,Total raised over $200M
Legora,Winter 2024,Active,https://www.legora.com/,The AI workspace for lawyers,B2B,"Stockholm, Stockholm County, Sweden",2026-04-30,50000000,Equity,Verified (https://legora.com/newsroom/legora-extends-series-d-with-additional-50-million-welcomes-atlassian-and-nventures-as-investors),830000000,,Verified only,https://www.sec.gov/Archives/edgar/data/2071663/000207166326000001/primary_doc.xml,400,Yes,1,0,0,https://legora.com/careers,Senior Full-stack engineer,,Total raised over $200M
Kalshi,Winter 2019,Active,https://www.kalshi.com,1st federally regulated exchange where people can trade on events,Fintech,"New York City, NY, USA; New York, NY, USA",2026-04-03,1120010122,Equity,Verified (SEC Form D 0001231919-26-001066),2460329573,,Verified only,https://www.sec.gov/Archives/edgar/data/1806928/000123191926001066/primary_doc.xml,125,Yes,28,10,0,,Finance Operations; Growth Marketing Manager ; Infrastructure Engineer; IT Administrator; Legal (Market Contracts); Linear/Streaming Lead; Marketing Activations & Operations; Operations Risk Analyst; Operations Risk Lead; Paralegal ,,Total raised over $200M
Flock Safety,Summer 2017,Active,http://www.flocksafety.com,The first public safety operating system that eliminates crime.,B2B,"Atlanta, GA, USA",2026-04-01,500000000,Equity,Verified (https://fortune.com/2026/08/24/flock-8-billion-startup-backed-a16z-tiger-surveillance-camera/),1200000000,Tiger Global,Verified only,https://www.sec.gov/Archives/edgar/data/1751333/000175133321000002/primary_doc.xml,1000,Yes,7,0,0,https://www.flocksafety.com/careers,"Senior Video Software Engineer; Senior Software Engineer, Backend Integrations; Staff Software Engineer - Rust; Senior Software Engineer, Video FullStack Experience; Staff AI Systems Engineer ; Senior ML Engineer, Enrichment ; Operations Research Scientist ",,Total raised over $200M
Solugen,Winter 2017,Active,https://solugen.com/,Decarbonizing the chemicals industry.,Healthcare,"Houston, TX, USA",2026-03-17,50000000,Series B,Verified (https://builtinmontreal.com/articles/solugen-raises-50m-funding-20260317),356949936,Founders Fund,Verified only,https://www.sec.gov/Archives/edgar/data/1756965/000175696521000001/primary_doc.xml,200,No,0,0,0,,,,Total raised over $200M
Replit,Winter 2018,Active,https://replit.com,Collaborative in-browser IDE,B2B,"San Francisco, CA, USA",2026-03-11,400000000,Series C,Verified (https://replit.com/blog/replit-raises-400-million-dollars),400000000,,Verified only,https://www.sec.gov/Archives/edgar/data/1920974/000108036822000025/primary_doc.xml,65,Yes,74,39,4,https://replit.com/careers,"Design Engineer; Staff Software Engineer, Product; Software Engineer, Mobile; Software Engineer, Growth; Product Engineer, New Products; Senior Software Engineer, Compute Platform; Staff Software Engineer, Agentic Commerce & Payments ; Brand Copy Lead; Staff Infrastructure Engineer; Senior/Product Marketing Manager",,Total raised over $200M
Stoke Space,Winter 2021,Active,https://www.stokespace.com/,"Seamless mobility to, through, and from space. It starts with 100%…",Industrials,"Seattle, WA, USA",2026-02-10,350000000,,Verified (https://payloadspace.com/stoke-space-adds-350m-to-series-d-fundraise/),1340000000,,Verified only,https://www.stokespace.com/news,305,Yes,1,0,0,https://www.stokespace.com/careers,Full-Stack Software Developer (Svelte + Rust ),,Total raised over $200M
Opennote,Summer 2025,Acquired,https://opennote.com,The notebook that thinks with you.,Consumer,"San Francisco, CA, USA",2025-07-09,850000,,Verified (Press (linked from YC company page)),850000,,Verified only,https://betakit.com/opennote-raises-850000-usd-secures-y-combinator-spot-for-edtech-platform/,3,No,2,0,0,https://www.opennote.com/,UGC Creator; Campus Ambassador,,YC lists the company as Acquired
Rippling,Winter 2017,Active,http://rippling.com/,"One place to run all your HR, IT, and Finance. Globally.",B2B,"San Francisco, CA, USA",2025-05-09,450000000,,Verified (https://techcrunch.com/2025/05/09/rippling-raises-450m-at-a-16-8b-valuation-reveals-yc-is-a-customer),1850000000,,Verified only,https://www.rippling.com/company/press,2500,Yes,17,0,0,https://www.rippling.com/careers,"Account Executive, Mid Market - EAST; Account Executive, Mid Market - WEST; Account Executive, Mid Market - Central; Senior Engineering Manager - HRIS Company Team; Director of Product Management, Platform; Product Design Lead, IT Products; Product Design Lead, Global Payroll; Product Lead, Time Products; Product Lead, Platform, Reporting & Analytics; Customer Support Supervisor",,Total raised over $200M
Checkr,Summer 2014,Active,http://www.checkr.com,People infrastructure for the future of work,B2B,"San Francisco, CA, USA",2025-05-01,61096134,Equity,Verified (SEC Form D 0001923096-25-000002),431096091,,Verified only,https://www.sec.gov/Archives/edgar/data/1738486/000173848621000002/primary_doc.xml,800,Yes,50,12,4,https://checkr.com/company/careers,"Accounts Receivable Lead; Associate Manager, Operations; Background Screening Specialist; Business Systems Analyst, Sales AI & Automation; Corporate Counsel; Customer Support Associate; Director of Customer Success; Director of Tax; Drug & Occupational Health Screening Investigator; Drug & Occupational Health Screening Specialist",,Total raised over $200M
Deel,Winter 2019,Active,https://www.deel.com/,The all-in-one HR and payroll platform for global teams,B2B,"San Francisco, CA, USA; Remote",2024-12-13,2999396,Equity,Verified (SEC Form D 0001813695-24-000001),488354121,,Verified only,https://www.sec.gov/Archives/edgar/data/1813695/000181369523000003/primary_doc.xml,5000,Yes,5,0,0,https://www.deel.com/careers/,"Account Executive, MidMarket; Sales Development Representative (SMB - MM- ENT); SDR Manager (SMB - MM - ENT); AE, Existing Business (SMB - MM - ENT); Account Executive, Enterprise",,Total raised over $200M
Zip,Summer 2020,Active,https://ziphq.com/,The future of B2B spend,B2B,"San Francisco, CA, USA",2024-10-21,190000000,,Verified (https://siliconangle.com/2024/10/21/ai-procurement-platform-provider-zip-raises-190m-boosting-valuation-2-2b/),371000000,,Verified only,https://zip.com/about,500,Yes,126,28,3,https://zip.com/careers,"Senior / Principal Product Manager; Solution Engineer (Pre-Sales); Software Engineer, Frontend (All Levels); Senior/Staff Product Designer; Senior ERP Solutions Consultant; Senior ERP Solutions Consultant; Senior ERP Solutions Consultant ; Business Development Representative; Director, Strategic Sales; Solutions Manager",,Total raised over $200M
AtoB,Summer 2020,Active,https://atob.com/,Modernizing global transportation payments.,Fintech,"San Francisco, CA, USA",2024-09-19,130000000,,Verified (Press (linked from YC company page)),360000000,,Verified only,https://www.pymnts.com/news/investment-tracker/2024/atob-raises-130-million-to-fuel-transportation-payments-services/,75,Yes,9,3,0,https://atob.com/careers,"Head of Sales, SMB; Senior Software Engineer, Payments; Partner Marketing Lead; Senior Software Engineer, Full Stack; Mid-Market Account Executive ; Senior Product Manager; Lead Infrastructure Engineer; Account Manager; New Logo Account Executive",,Total raised over $200M
Guesty,Winter 2014,Active,http://www.guesty.com,The management platform for the short term rental industry.,Real Estate and Construction,"New York City, NY, USA",2024-04-10,130000000,Equity,Verified (https://skift.com/2024/04/10/guesty-raises-130-million-for-global-expansion-acquisitions-and-ai/),410000000,,Verified only,https://www.sec.gov/Archives/edgar/data/1737974/000173797422000001/primary_doc.xml,700,No,0,0,0,https://www.guesty.com/careers/,,,Total raised over $200M
Stripe,Summer 2009,Active,http://stripe.com,Economic infrastructure for the internet.,Fintech,"San Francisco, CA, USA",2024-04-08,694159778,Equity,Verified (SEC Form D 0001691342-24-000001),8161802672,,Verified only,https://www.sec.gov/Archives/edgar/data/1691342/000169134223000002/primary_doc.xml,7000,Yes,715,188,39,https://stripe.com/careers,"Abuse Investigator; Abuse Investigator; Abuse Investigator; Abuse Research Engineer; Account Executive, AI Sales; Account Executive, AI Startups - Grower; Account Executive, Bridge ; Account Executive, Bridge ; Account Executive, Commercial (Grower); Account Executive, Commercial Hunter",,Total raised over $200M
Observe.AI,Winter 2018,Active,https://observe.ai,Contact center AI platform.,B2B,"San Francisco, CA, USA",2022-04-13,125000000,Series C,Verified (https://cxtoday.com/observe-ai-raises-largest-ever-series-c-for-contact-centre-ai),213000000,,Verified only,https://www.observe.ai/careers,240,No,12,6,5,https://www.observe.ai/careers,"AI Agent Engineer; AI Agent Engineer, Client Facing; AI Agent Engineer, Client Facing; AI Agent Engineer, Client Facing; AI Agent Experience Designer; Interaction Designer; Product Marketing Manager; Senior Enterprise Account Executive (Midwest Territory); Senior Enterprise Account Executive - Pacific NorthWest ; Staff Infrastructure Security Engineer",,Total raised over $200M
Webflow,Summer 2013,Active,https://webflow.com,Professional website design and publishing platform.,B2B,"San Francisco, CA, USA",2022-03-16,120000000,,Verified (https://www.prnewswire.com/news-releases/webflow-raises-120m-series-c-at-4b-valuation-led-by-yc-continuity-301503860.html),330000000,,Verified only,https://webflow.com/company/media,600,Yes,26,12,2,https://webflow.com/company/careers,"Account Executive, EMEA (Germany); Corporate Account Executive - West; IT Support Specialist; Lead Solutions Engineer - Central / East; Partner Manager, EMEA (French Speaking); Sales Development Representative (German Speaking) ; Sales Development Representative (SDR); Sales Development Representative (SDR), EMEA; Senior Developer Educator; Senior Forward Deployed Engineer",,Total raised over $200M
Flexport,Winter 2014,Active,https://www.flexport.com/careers/jobs/,Platform for global logistics.,B2B,"San Francisco, CA, USA",2022-01-24,933699900,Equity,Verified (SEC Form D 0001775070-22-000001),933699900,,Verified only,https://www.sec.gov/Archives/edgar/data/1775070/000177507022000001/primary_doc.xml,3000,Yes,204,23,2,,"3PL Customer Success Manager ; Account Executive; Account Executive; Account Executive ; Account Executive ; Account Executive, Enterprise; Account Executive, Enterprise; Account Executive, Enterprise; Account Executive, Enterprise; Account Executive III (Farmer)",,Total raised over $200M
Lattice,Winter 2016,Active,https://lattice.com,Modern people management platform.,B2B,"San Francisco, CA, USA",2021-12-20,174999766,Equity,Verified (SEC Form D 0001739074-22-000001),231474233,,Verified only,https://www.sec.gov/Archives/edgar/data/1673900/000173907422000001/primary_doc.xml,540,Yes,11,4,2,https://lattice.com/careers,"Account Executive; Director, Talent Acquisition; Ecosystem Marketing Lead; Engineering Manager, AI; Engineering Manager, AI; Lead Product Manager; Lead Product Manager; Senior Contracts Manager; Senior Director of Engineering; Senior Director of Engineering",,Total raised over $200M
Helion Energy,Summer 2014,Active,http://helionenergy.com,Building the world's first fusion power plant,Industrials,"Seattle, WA, USA; Everett, WA, USA",2021-12-05,500000000,,Verified (https://www.helionenergy.com/blog/announcing-500-million-fundraise (date printed near the quote)),500000000,,Verified only,https://www.helionenergy.com/blog/announcing-500-million-fundraise,150,No,70,39,8,https://www.helionenergy.com/careers,Principal Compensation Partner; R&D Hardware Test & Development Manager; Senior Technologist - Materials; Senior Electrical Engineer; Senior Power Electronics Engineer; Principal Experimental Scientist; Principal Nuclear Materials Engineer; HERCULES Proposal Submission Form ; High Voltage Test Technician ; Electrical Engineer,,Total raised over $200M
Podium,Winter 2016,Active,https://podium.com,Get more leads. Make more money.,B2B,"Lehi, UT, USA",2021-11-15,201000000,Series D,Verified (https://www.prnewswire.com/news-releases/podium-raises-201m-in-series-d-funding-to-accelerate-the-digital-evolution-for-local-businesses-301424024.html),201000000,,Verified only,https://www.podium.com/press,1000,Yes,58,11,13,https://www.podium.com/careers,"Account Executive - AI Software Sales ; Account Executive - Lehi, Utah; Accounts Receivable Specialist; AI Customer Success Manager - SMB; AI Enterprise Customer Success Manager; AI Onboarding Specialist; AI Onboarding Specialist - Automotive; AI Onboarding Specialist - Home Services; AI Onboarding Specialist - Medspa; AI Product Support Specialist",,Total raised over $200M
Faire,Winter 2017,Active,https://www.faire.com/,The global online platform empowering independent retail.,B2B,"San Francisco, CA, USA",2021-11-15,596212662,Equity,Verified (SEC Form D 0001763016-22-000001),856212536,,Verified only,https://www.sec.gov/Archives/edgar/data/1763016/000176301622000001/primary_doc.xml,900,Yes,74,29,18,,"Account Executive Bilingual (Spanish/English); Brand Operations Lead, Fulfillment; Core Strategy Senior Lead; DACH Enterprise Account Executive; Director, Global Equity; Fulfillment Operations Specialist; Global Safety & Security Leader; Growth Platform, Marketing Engineer; Growth Platform, Marketing Engineer; Head of Finance Systems & Data",,Total raised over $200M
Papa,Summer 2018,Active,https://www.papa.com,One-stop-shop for flexible family care,Healthcare,"Miami, FL, USA",2021-11-01,150000000,Series D,Verified (https://medcitynews.com/2021/11/senior-care-startup-papa-valued-at-1-4b/),240000000,,Verified only,https://www.sec.gov/Archives/edgar/data/1709747/000089706921000557/primary_doc.xml,500,No,4,0,0,,"General Manager, Consumer; Physician Partner ; Senior Product Manager (Community) ; Sr. Manager Client Success",,Total raised over $200M
Blaxel,Spring 2025,Acquired,https://blaxel.ai,The infrastructure for autonomous agents,B2B,"San Francisco, CA, USA",,,Seed,Verified (batch started after the cutoff; round undated),7300000,First Round,Verified only,https://blaxel.ai/blog,12,No,0,0,0,https://jobs.ashbyhq.com/blaxel,,,YC lists the company as Acquired
ZeroEntropy,Winter 2025,Acquired,https://www.zeroentropy.dev,Artificial Specialized Intelligence,B2B,"San Francisco, CA, USA",,,Seed,Verified (batch started after the cutoff; round undated),4200000,,Verified only,https://www.zeroentropy.dev/articles/zeroentropy-raises-4-2m-seed-round-to-make-ai-retrieval-truly-intelligent/,6,No,0,0,0,https://www.zeroentropy.dev/,,,YC lists the company as Acquired
Flutterwave,Summer 2016,Active,https://flutterwave.com,Helping businesses make and accept payments from anywhere in Africa.,Fintech,"Lagos, LA, Nigeria; LA, Nigeria",2022-02-16,250000000,Series D,"Verified (recheck web search, tier 4)",,['B Capital Group'],Verified only,https://disruptafrica.com/2022/02/16/nigerias-flutterwave-raises-250m-series-d-funding-valuation-triples-to-over-3bn/,500,No,0,0,0,https://flutterwave.com/us/careers,,,Total raised over $200M (recheck)
Matter,Summer 2020,Active,https://getmatter.app,Building the future of reading,Consumer,"San Francisco, CA, USA; Remote",2021-10-06,7000000,Series A,"Verified (recheck web search, tier 4)",9000000,['GV'],Verified only,https://techcrunch.com/2021/10/06/matter-raises-7-million-series-a-to-build-a-better-reading-app/,7,Yes,1,0,0,,"Software Engineer, Backend",,Round announced Oct 2021 is probably the April 2021 round already on record (recheck)
Relativity Space,Winter 2016,Active,http://relativityspace.com,Building humanity’s multiplanetary future.,Industrials,"Los Angeles, CA, USA",2023-11-01,1000000000,Series F,"Verified (recheck web search, tier 4)",2000000000,,Verified only,https://payloadspace.com/is-relativity-on-the-rocks/,2500,Yes,3,0,0,https://www.relativityspace.com/careers,"Senior Software Engineer, Full Stack; Senior Software Engineer, Flight Software; Manager, Test, Release & Deployment Engineering",,Total raised over $200M (recheck)
Gusto,Winter 2012,Active,https://gusto.com,Provides growing businesses with everything to take care of their team,B2B,"San Francisco, CA, USA",2022-05-01,55000000,Series E extension,"Verified (recheck web search, tier 4)",746000000,Friends & Family Capital (per aggregators),Verified only,https://techcrunch.com/2022/05/12/gusto-raises-an-extension-round-following-faire-as-unicorns-react-to-a-changing-market/,2400,Yes,101,35,8,,"Account Coordinator (Retirement Sponsor Support); Agentic Operations Architect; AI Operations Program Manager, Benefits; Benefits Advising (Renewals) Leader; Business Development Representative ; Channel Partnerships Manager, Investor Ecosystems (VC & PE); Compensation Partner; Compliance Manager, Broker-Dealer & Investment Adviser; Conversion Operations Associate; Customer Experience Specialist, Health Insurance Benefits",,Total raised over $200M (recheck)
Eight Sleep,Summer 2015,Active,http://eightsleep.com,The sleep fitness company.,Consumer,"New York City, NY, USA; New York, NY, USA; Remote",2026-03-04,50000000,Strategic round,"Verified (recheck web search, tier 4)",310000000,Tether Investments,Verified only,https://techcrunch.com/2026/03/04/eight-sleep-raises-50m-at-1-5b-valuation,100,Yes,40,26,4,https://www.eightsleep.com/careers,Business Operations Manager (NY or SF); Senior Backend Engineer; Senior Software Engineer - Mobile (Android); Senior Embedded Software Engineer; Senior Thermal Engineer; Senior Software Engineer - Mobile (iOS); Research Associate; Senior Reliability Engineer; Product Designer App (NYC); Senior Firmware Engineer,,Total raised over $200M (recheck)
Rappi,Winter 2016,Active,http://www.rappi.com,On-demand delivery and financial services for Latin America.,Consumer,"Bogotá, Bogota, Colombia",2025-09-08,25000000,Strategic convertible note,"Verified (recheck web search, tier 4)",,Amazon,Verified only,https://latamlist.com/amazon-acquires-stake-in-rappi/,4800,Yes,0,0,0,https://www.rappi.com.mx/,,,Total raised over $200M (recheck)
Odeko,Summer 2019,Active,http://www.odeko.com,Our operations software makes it easier to run--and grow--your cafe,B2B,"New York City, NY, USA; New York, NY, USA",2025-03-10,126000000,Series E,"Verified (recheck web search, tier 4)",,B Capital (equity); Banc of California (credit facility),Verified only,https://www.refreshmentmag.com/news/odeko-secures-126m-in-series-e-funding-to-empower-local-coffee-shops-and-food-businesses,371,Yes,22,0,0,,"Delivery Driver - ATL; Delivery Driver - BOS; Director, E-commerce ; Inside Sales Representative, East; Market Manager; Market Manager; MDT - Flex Warehouse Associate/Delivery Driver - Day Shift; Outside Sales Associate ; Overnight Warehouse Delivery Driver (Multiple Schedules Available) - Moonachie; Route Sales Rep Delivery driver - Leander TX",,Total raised over $200M (Series E of $126M on top of earlier rounds) (recheck)
Boom,Winter 2016,Active,https://boomsupersonic.com/,Economically and environmentally sustainable supersonic travel,Industrials,"Denver, CO, USA; Englewood, CO, USA",2025-12-09,300000000,Venture round,"Verified (recheck web search, tier 4)",,Darsana Capital Partners,Verified only,https://techcrunch.com/2025/12/09/boom-supersonic-raises-300m-to-build-natural-gas-turbines-for-crusoe-data-centers/,227,No,11,2,0,https://boomsupersonic.com/careers,GTM - Customer Success Manager; Software Engineering Manager; Director of Support; Associate Product Manager; Talent Network - don't see the role you are looking for but you're interested in Boom? - apply here!; Product Designer ; Software Engineer; GTM - Senior Business Development Representative; Commercial Lead - AE; Customer Support Associate ,,Total raised over $200M (recheck)
Alpaca,Winter 2019,Active,https://alpaca.markets/,API-first stock and crypto brokerage platform,Fintech,"San Francisco, CA, USA; San Mateo, CA, USA; Remote",2026-01-14,150000000,Series D,"Verified (recheck web search, tier 2)",320000000,Drive Capital,Verified only,https://alpaca.markets/blog/alpaca-raises-150-million-at-a-1-15b-valuation-to-build-the-global-standard-for-brokerage-infrastructure/,150,Yes,72,33,2,https://alpaca.markets/careers,"Account Executive - US; AML Compliance Analyst; Brokerage Operations Manager - Saudi ; Broker-Dealer Operations Specialist, Japan (Japan Location / Japanese Language Required) ; Content Marketing Manager, Crypto ; Corporate Operations Lead  ; Crypto Operations Associate - APAC; Customer Success Manager - LATAM; Data Risk Engineer; Director of Data Platform",,Total raised over $200M (recheck)
OpenSea,Winter 2018,Active,https://opensea.io,This isn't just a marketplace; we're shaping the future of digital…,Consumer,"New York City, NY, USA; Remote",2022-01-05,300000000,Series C,"Verified (recheck web search, tier 4)",,Paradigm; Coatue,Verified only,https://cryptobriefing.com/opensea-hits-133b-valuation-following-series-c-raise/,75,No,2,1,0,https://opensea.io/careers,Staff Product Designer; Staff Software Engineer - Platform,,Total raised over $200M (recheck)
Nowports,Winter 2019,Active,https://nowports.com/,The core engine of supply chain in LATAM,B2B,,2022-05-26,150000000,Series C,"Verified (recheck web search, tier 4)",240000000,SoftBank Latin America Fund,Verified only,https://latamlist.com/nowports-hits-unicorn-status-at-1b-valuation-with-series-c/,550,No,0,0,0,,,,Total raised over $200M (recheck)
Wave,Winter 2012,Active,https://wave.com,Mobile money app for Africa,Fintech,"Dakar, Dakar Region, Senegal; Remote",2025-06-30,137000000,Debt financing,"Verified (recheck web search, tier 4)",,Rand Merchant Bank,Verified only,https://techeconomy.ng/wave-africa-raises-137-million-debt-funding/,1600,No,0,0,0,https://www.wave.com/careers/index.html,,,Total raised over $200M ($200M Series A in Sept 2021); only debt since (recheck)
