company_key,company,batch,website,pool_id,pool_name,proof_points,secondary_proof,fit_strength,core_problem,reason,runner_up_pool,opener_hint,proof_sentence,latest_round_date,latest_round_amount_usd,total_funding_usd,funding_source,open_positions,ml_jobs,team_size,one_liner
pocket,Pocket,Winter 2026,https://heypocket.com/now,VOICE_EXCLUDED,Voice AI (excluded from outreach),,,None,AI voice recorder that takes notes in the real world,consumer hardware and audio product; no remaining proof point applies,,Processing hours of in-person audio on a small device forces hard latency and battery tradeoffs.,,2026-06-29,11000000,11500000,Both,14,0,15,Take Notes in the Real World
caretta,Caretta,Winter 2026,https://www.caretta.so,VOICE_EXCLUDED,Voice AI (excluded from outreach),,,None,Real-time AI assistance during live sales calls,real-time call assist; no remaining proof point applies,AGENT_EVAL,Live call assist has to surface an answer within a second of the question or the rep has moved on.,,2026-08-24,1300000,1300000,Verified only,0,0,4,Realtime AI for Sales Calls
patientdeskai,Patientdesk.ai,Winter 2026,https://patientdesk.ai/,VOICE_EXCLUDED,Voice AI (excluded from outreach),,,None,AI front and back office agent for dental practices,booking agents need quality checks on real calls -> P3,GENERIC,"Dental booking agents must get insurance and appointment details right, so every call needs automated QA.",,2026-07-01,,3800000,Both,0,0,5,AI front & back office agent for dental practices
lance,Lance,Winter 2026,https://www.lance.live,VOICE_EXCLUDED,Voice AI (excluded from outreach),,,None,AI agents that answer calls and run hotel operations,hotel operations agents need quality systems -> P3,GENERIC,"Hotel agents that close bookings need evals on real guest conversations, since errors cost revenue directly.",,2026-04-28,5000000,5000000,Verified only,6,0,10,AI Agents That Run Hotel Operations.
uplift-ai,Uplift AI,Summer 2025,https://upliftai.org/,VOICE_EXCLUDED,Voice AI (excluded from outreach),,,None,Voice models for regional languages,speech model training; no remaining proof point applies,,Low-resource languages make natural prosody and code-switching the hardest parts of regional voice models.,,2026-01-30,3500000,3500000,Both,0,0,3,Foundational Voice Models for regional languages
freya,Freya,Summer 2025,https://freyavoice.ai/,VOICE_EXCLUDED,Voice AI (excluded from outreach),,,None,Voice AI agents for enterprises,enterprise conversational agents need quality systems -> P3,GENERIC,Enterprise call agents need regression evals on real conversations before every prompt or model change ships.,,2025-11-05,3500000,3500000,Both,1,0,14,Voice AI for Enterprises
veritus,Veritus,Summer 2025,https://www.veritus.com,VOICE_EXCLUDED,Voice AI (excluded from outreach),,,None,Voice and text agents for loan servicing and collections,regulated collections agents need evaluation and QA -> P3,RAG,"Collections agents must stay inside compliance scripts, so every conversation needs automated policy scoring.",,2026-02-07,10100000,10100000,Both,4,0,10,AI agents for the consumer lending industry
flai,Flai,Summer 2025,https://www.useflai.com/,VOICE_EXCLUDED,Voice AI (excluded from outreach),,,None,AI that answers dealership leads after hours,lead-handling agents need evaluation -> P3,GENERIC,"Dealership lead agents need evals on real conversations, since a wrong price or stock answer loses the sale.",,,,6000000,Verified only,5,0,35,We Bring Customers to Your Dealership
stormy,Stormy,Summer 2025,https://stormy.ai,VOICE_EXCLUDED,Voice AI (excluded from outreach),,,None,Answering every call and running the office for trades businesses,office agents need quality checks on real jobs -> P3,GENERIC,"Trades office agents must capture job details correctly, so quoting errors need to be caught before follow-up.",,2026-09-29,1700000,1700000,Verified only,0,0,5,Stormy runs the office so your crew can run the work.
oncactus,Cactus,Spring 2025,https://oncactus.com,VOICE_EXCLUDED,Voice AI (excluded from outreach),,,None,AI answering service that captures every call for trades businesses,call-handling agents need evaluation on real calls -> P3,GENERIC,"Answering agents for trades need QA on real calls, since a misrouted emergency job loses the customer.",,2025-11-24,7000000,7500000,Both,0,0,2,All-In-One AI Growth Partner. Built for Trades.
avallon-ai,Avallon AI,Spring 2025,https://www.avallon.ai/,VOICE_EXCLUDED,Voice AI (excluded from outreach),,,None,AI agents for insurance claims calls and documents,claims agents need evaluation and QA -> P3,RAG,"Claims agents must capture loss details accurately, so every intake needs automated checks against policy terms.",,2025-11-06,4600000,5100000,Both,3,0,7,AI agents for insurance claims operations
willow,Willow,Spring 2025,https://willowvoice.com/,VOICE_EXCLUDED,Voice AI (excluded from outreach),,,None,Voice dictation that replaces the keyboard,dictation product; no remaining proof point applies,,Dictation feels instant only when transcription and cleanup land within a few hundred milliseconds.,,2025-11-12,4500000,5000000,Both,4,0,7,The voice interface replacing your keyboard
caseflood-ai,Caseflood.ai,Winter 2025,https://caseflood.ai,VOICE_EXCLUDED,Voice AI (excluded from outreach),,,None,Intake for elite law firms,law firm intake AI = legal AI work -> P4+P5,AGENT_EVAL,Law firm intake has to qualify cases in real time and capture facts that hold up at case review.,,2025-07-30,3200000,3700000,Both,0,0,2,How elite law firms do intake
leaping-ai,Leaping AI,Winter 2025,https://www.leapingai.com,VOICE_EXCLUDED,Voice AI (excluded from outreach),,,None,Voice and text agents for customer service,customer service agents need evaluation harnesses -> P3,GENERIC,"Support agents across voice and text need one eval suite, or quality drifts differently on each channel.",,2025-08-20,4700000,4700000,Verified only,2,0,13,AI voice and texting agents
telli,telli,Fall 2024,https://telli.com,VOICE_EXCLUDED,Voice AI (excluded from outreach),,,None,AI agents that run customer-facing calls and operations,conversational agents need evaluation and quality systems -> P3,GENERIC,"Outbound call agents need evals on real call transcripts, since one bad script path repeats across thousands of calls.",,2026-07-23,15000000,19100000,Both,21,1,25,intelligent interactions
