company_id,primary_space,secondary_space,sub_space
salem-robotics-inc,Physical AI & Robotics,Energy & Industrial Hard Tech,Industrial robots for hazardous sites
robocurve,Physical AI & Robotics,AI Data & Evals,Robot evals
spaceflow-technologies-inc,Supply Chain & Industrial Ops AI,Fintech & Financial Ops,Procurement
mireye,Physical AI & Robotics,AI Data & Evals,Geospatial data for agents
cosmic-robotics,Physical AI & Robotics,Defense & Space,Autonomous construction robots
hilstart,Physical AI & Robotics,Agent Infra & Dev Tools,Hardware testing agents
6thsense,Physical AI & Robotics,,Sensing for robots
mosaic-2,Consumer & Creative AI,,Video editing agents
rise-reforming,Energy & Industrial Hard Tech,,Waste gas to chemicals
enjamb-labs,Healthcare & Bio,Enterprise Agents & Workflow,Biopharma AI workforce
insforge-instacloud,Agent Infra & Dev Tools,,Agent-native cloud
flowscope,Enterprise Agents & Workflow,,AI implementation services
mochatrade,Fintech & Financial Ops,,Trading / perps
arden,Fintech & Financial Ops,Security & Compliance,Internal audit
expanse,AI Compute & Model Infra,,GPU utilization
characterquilt,Sales & Marketing AI,,Marketing campaign agents
arzana,Supply Chain & Industrial Ops AI,,Manufacturing ERP
tolmo,Security & Compliance,,Cloud / AI security
apollo-atomics-inc,Energy & Industrial Hard Tech,,Compact nuclear reactors
testerarmy,Agent Infra & Dev Tools,,AI QA testing
tasklet-2,Enterprise Agents & Workflow,,General work agents
river-markets,Fintech & Financial Ops,,Prediction markets
complir,Security & Compliance,Supply Chain & Industrial Ops AI,Product compliance
arga-labs,AI Data & Evals,Agent Infra & Dev Tools,Agent sandboxes
andco,Legal AI,,Personal injury
kelai,Fintech & Financial Ops,,AI quant
hub,AI Data & Evals,Physical AI & Robotics,Real-world training data
discovered-materials,Energy & Industrial Hard Tech,AI Compute & Model Infra,AI materials discovery for semis
multiplier,Fintech & Financial Ops,,Asset manager agents
surtr-defense-systems,Defense & Space,Physical AI & Robotics,Counter-UAS OS
bloom-4,Agent Infra & Dev Tools,Consumer & Creative AI,Vibe-coded mobile apps
inth,Security & Compliance,Agent Infra & Dev Tools,Privacy compliance
superset,Agent Infra & Dev Tools,,Coding agent IDE
sazabi,Agent Infra & Dev Tools,,Observability
drafted,Consumer & Creative AI,,Generative home design
clara-2,Healthcare & Bio,,AI primary care
ploy,Sales & Marketing AI,,Website growth
oddpool,Fintech & Financial Ops,,Prediction markets
brumby,Physical AI & Robotics,,Agricultural drones
copperlane,Fintech & Financial Ops,,Mortgage origination
general-legal,Legal AI,,AI law firm
getbalance,Fintech & Financial Ops,,AI accounting
pocket,Voice AI,Consumer & Creative AI,AI voice recorder device
caretta,Sales & Marketing AI,Voice AI,Realtime sales-call copilot
human-archive,AI Data & Evals,Physical AI & Robotics,Physical AI data
ressl-ai,Agent Infra & Dev Tools,AI Data & Evals,Agent training / evals
patientdeskai,Healthcare & Bio,Voice AI,Dental front office
laurence,Sales & Marketing AI,,Performance marketing
stilta,Legal AI,,IP / patent litigation
orthogonal,Agent Infra & Dev Tools,Fintech & Financial Ops,Agentic payments for APIs
sparkles,Agent Infra & Dev Tools,,No-code edits for existing codebases
moritz,Legal AI,,AI law firm
beyond-reach-labs,Defense & Space,,Space solar arrays
luel,AI Data & Evals,,Licensed multimodal training data
10x-science,Healthcare & Bio,,Protein characterization
lance,Enterprise Agents & Workflow,Voice AI,Hotel operations
kita,Fintech & Financial Ops,,Emerging-market underwriting
didit,Security & Compliance,Fintech & Financial Ops,Identity / KYC / fraud
panta,Fintech & Financial Ops,,Commercial insurance brokerage
corvera,Sales & Marketing AI,,CPG sales
catchback-cards,Consumer & Creative AI,,Digital collectibles
mantis,Healthcare & Bio,,Human digital twins
haladir,Supply Chain & Industrial Ops AI,,Logistics
vector-legal,Legal AI,,AI law firm for startups
diligencesquared-inc,Fintech & Financial Ops,,Investment due diligence
miniswap,Consumer & Creative AI,,Hobby marketplace
denki,Fintech & Financial Ops,Security & Compliance,Financial audit
crunched,Fintech & Financial Ops,Enterprise Agents & Workflow,Excel analyst
lua-global-inc,Enterprise Agents & Workflow,,Mid-market agent platform
zalos,Fintech & Financial Ops,,Finance department agents
s2-dev,Agent Infra & Dev Tools,,Streaming data API
leadbay,Sales & Marketing AI,,Lead qualification
cortex-ai,AI Data & Evals,Physical AI & Robotics,Robot / egocentric data
logical,Consumer & Creative AI,Enterprise Agents & Workflow,Desktop copilot
unsiloed-ai,Agent Infra & Dev Tools,,Document parsing API
flick,Consumer & Creative AI,,AI filmmaking
hypercubic,Enterprise Agents & Workflow,Agent Infra & Dev Tools,Mainframe modernization
veria-labs,Security & Compliance,,AI pentesting
deeptrace,Agent Infra & Dev Tools,,On-call / SRE agents
gpt,Enterprise Agents & Workflow,,No-code agent builder
structured-ai,Supply Chain & Industrial Ops AI,,Construction drawing QA
uplane,Sales & Marketing AI,,Ad generation
brickanta,Supply Chain & Industrial Ops AI,,Construction agents
autonomous-technologies-group,Fintech & Financial Ops,Consumer & Creative AI,AI financial advisor
fifth-door,Consumer & Creative AI,,AI games
dome,Fintech & Financial Ops,Agent Infra & Dev Tools,Prediction market API
f2,Fintech & Financial Ops,,Private markets
nox-metals,Supply Chain & Industrial Ops AI,Energy & Industrial Hard Tech,Metals supply
uplift-ai,Voice AI,,Regional-language voice models
luminal,AI Compute & Model Infra,,ML compiler
freya,Voice AI,,Enterprise voice agents
burnt,Supply Chain & Industrial Ops AI,,Food supply chain
ruvo,Fintech & Financial Ops,,Cross-border / stablecoin
veritus,Fintech & Financial Ops,Voice AI,Loan servicing agents
vulcan-technologies,Enterprise Agents & Workflow,,Government agents
munify,Fintech & Financial Ops,,Neobank
modelence,Agent Infra & Dev Tools,,Production infra
kernel,Agent Infra & Dev Tools,,Browser infra for agents
notte,Agent Infra & Dev Tools,,Browser infra for agents
sira,Enterprise Agents & Workflow,,HR / payroll for deskless
idler,AI Data & Evals,,RL environments / evals
socratix-ai,Security & Compliance,Fintech & Financial Ops,Fraud / compliance coworkers
finto-de,Fintech & Financial Ops,,Enterprise accounting
manufact,Agent Infra & Dev Tools,,MCP cloud
albacore-inc,Defense & Space,Physical AI & Robotics,Drone submarines
nozomio,Agent Infra & Dev Tools,Consumer & Creative AI,Context for AI
vibeflow,Sales & Marketing AI,,Social content
channel3,Agent Infra & Dev Tools,Consumer & Creative AI,Product database for agents
flai,Sales & Marketing AI,Voice AI,Dealership lead handling
trace-so,Enterprise Agents & Workflow,,Human-agent orchestration
kalinda,Legal AI,,Class action research
tryjanet,Enterprise Agents & Workflow,,Company agents
wafer,AI Compute & Model Infra,,GPU kernel optimization
orange-slice,Sales & Marketing AI,,Sales enrichment
monarcha,Supply Chain & Industrial Ops AI,,Georeferencing for mining
golpo,Consumer & Creative AI,Education,Explainer video generation
astor,Fintech & Financial Ops,Consumer & Creative AI,Retail investing advisor
blank-bio,Healthcare & Bio,,RNA / clinical trials
truthsystems,Security & Compliance,,AI governance
agentmail,Agent Infra & Dev Tools,,Email for agents
the-prompting-company,Sales & Marketing AI,,AI search / agent discovery
dedalus-labs,Agent Infra & Dev Tools,,Compute for agents
getasap,Supply Chain & Industrial Ops AI,,Fresh produce logistics
stormy,Enterprise Agents & Workflow,Voice AI,Office ops for trades
opennote,Education,Consumer & Creative AI,AI notebook
cascade-space,Defense & Space,,Deep space ground stations
airweave,Agent Infra & Dev Tools,,Context retrieval
starsling,Agent Infra & Dev Tools,,CI runners
oncactus,Sales & Marketing AI,Voice AI,Growth for trades
vision-lab,AI Data & Evals,Physical AI & Robotics,Factory data for robotics
code-four,Enterprise Agents & Workflow,,Police workflow (GovTech)
cotool,Security & Compliance,,SecOps agents
pelica,Healthcare & Bio,,Value-based care agents
adentris,Healthcare & Bio,Security & Compliance,Medical documentation compliance
mindfort,Security & Compliance,,Autonomous pentesting
chrt,Supply Chain & Industrial Ops AI,,Time-critical logistics
naive,Enterprise Agents & Workflow,,Autonomous companies
scalar-field,Fintech & Financial Ops,,Agentic trading
eloquent-ai,Fintech & Financial Ops,,Financial services operations
sygaldry-technologies,AI Compute & Model Infra,,Quantum-accelerated AI servers
vesence,Legal AI,Fintech & Financial Ops,High-stakes knowledge work
human-behavior,Agent Infra & Dev Tools,,Session analytics
novoflow,Healthcare & Bio,,Healthcare ops agents
irbc,Fintech & Financial Ops,,AI-native bank
lucis,Healthcare & Bio,,Preventive health
crimson,Legal AI,,Litigation
kaizen,Healthcare & Bio,,Patient referral processing
better-auth,Agent Infra & Dev Tools,Security & Compliance,Auth framework
pgdog,Agent Infra & Dev Tools,,Postgres scaling
sim,Enterprise Agents & Workflow,,Agent builder
claim-health,Healthcare & Bio,,Post-acute revenue cycle
ralo,Fintech & Financial Ops,,Mortgage broker
auctor,Enterprise Agents & Workflow,,System integrator OS
synthio-labs,Healthcare & Bio,Sales & Marketing AI,Pharma GTM
groundcontrol,Supply Chain & Industrial Ops AI,Defense & Space,Regulated manufacturing
avallon-ai,Fintech & Financial Ops,Voice AI,Insurance claims
vybe,Agent Infra & Dev Tools,,Internal app builder
plexe,AI Compute & Model Infra,Agent Infra & Dev Tools,Predictive ML agents
qfex,Fintech & Financial Ops,,24/7 exchange
willow,Voice AI,,Voice dictation
blaxel,Agent Infra & Dev Tools,,Agent infrastructure
mentra,Consumer & Creative AI,Physical AI & Robotics,Smart glasses OS
blindpay,Fintech & Financial Ops,,Stablecoin payments API
artifact-2,Supply Chain & Industrial Ops AI,Agent Infra & Dev Tools,Hardware engineering IDE
mercura,Supply Chain & Industrial Ops AI,,Distributor quoting
cedar,Sales & Marketing AI,,Sales playbooks
browser-use,Agent Infra & Dev Tools,,Browser agents
bluebook,Fintech & Financial Ops,,Accounting firms
spott,Enterprise Agents & Workflow,,Recruiting ATS
proception-inc,Physical AI & Robotics,,Dexterous humanoid hands
reditus-space,Defense & Space,,Reusable satellites
forge-automation,Energy & Industrial Hard Tech,Physical AI & Robotics,Automated CNC factory
mastra,Agent Infra & Dev Tools,,Agent framework
afterquery,AI Data & Evals,,Frontier model data
artificial-societies,Enterprise Agents & Workflow,,Society simulation
orbital-operations,Defense & Space,,Satellite defense vehicles
harper,Fintech & Financial Ops,,Commercial insurance brokerage
nitrode,Consumer & Creative AI,AI Data & Evals,Game development AI
solidroad,Enterprise Agents & Workflow,,CX training / QA
mundo-ai,AI Data & Evals,,Perception data / evals
liquid-compute,AI Compute & Model Infra,Fintech & Financial Ops,Compute futures market
athenahq,Sales & Marketing AI,,AI search SEO
bindwell,Healthcare & Bio,Energy & Industrial Hard Tech,AI pesticide discovery
asteroid,Healthcare & Bio,Agent Infra & Dev Tools,Healthcare integrations
gale,Legal AI,Enterprise Agents & Workflow,Immigration
olive,Agent Infra & Dev Tools,,Internal tool builder
mecha-health,Healthcare & Bio,,Radiology foundation models
cifrato,Fintech & Financial Ops,,Accounting firms
adam,Supply Chain & Industrial Ops AI,Agent Infra & Dev Tools,AI CAD
inversion-semiconductor,Energy & Industrial Hard Tech,AI Compute & Model Infra,Chip fabrication
salespatriot,Supply Chain & Industrial Ops AI,Sales & Marketing AI,Distributor back office
weave-3,Agent Infra & Dev Tools,,Engineering analytics
caseflood-ai,Legal AI,Voice AI,Law firm intake
maritime-fusion,Energy & Industrial Hard Tech,,Fusion for ships
contrario,Enterprise Agents & Workflow,,Recruiting
conntour,Security & Compliance,,Camera monitoring
alice-tech,Education,,Exam prep
subimage,Security & Compliance,,Security graph
leaping-ai,Voice AI,,Voice and text agents
bild-ai,Supply Chain & Industrial Ops AI,,Construction estimating
revise-robotics,Physical AI & Robotics,Energy & Industrial Hard Tech,Electronics refurbishment
enhanced-radar,Defense & Space,,Air traffic control
exin-therapeutics,Healthcare & Bio,,Neuro drug discovery
overstand-labs,Enterprise Agents & Workflow,Legal AI,Large-data navigation
zeroentropy,AI Compute & Model Infra,Agent Infra & Dev Tools,Task-specific models / retrieval
apolink,Defense & Space,,Satellite data relay
ember,Healthcare & Bio,,Revenue cycle management
freestyle-ai,Consumer & Creative AI,Enterprise Agents & Workflow,Email assistant
laminar-com,Enterprise Agents & Workflow,,Enterprise systems delivery
metreecs,Supply Chain & Industrial Ops AI,,Retail demand forecasting
alex,Agent Infra & Dev Tools,,Coding agent for Xcode
origami-2,Sales & Marketing AI,,Customer acquisition agents
crustdata,Sales & Marketing AI,Agent Infra & Dev Tools,B2B data API
unusual,Sales & Marketing AI,,Marketing to AI agents
lingodotdev,Agent Infra & Dev Tools,,Localization
sphinx,Security & Compliance,Fintech & Financial Ops,AML compliance
keye,Fintech & Financial Ops,,Private equity diligence
ctgt,AI Compute & Model Infra,,Model reliability / alignment
general-learning,Education,,AI tutors
archil,Agent Infra & Dev Tools,AI Compute & Model Infra,File system for AI data
revyl,Agent Infra & Dev Tools,,Mobile dev platform
afternoon-co,Fintech & Financial Ops,,Founder bookkeeping
rulebase,Enterprise Agents & Workflow,Security & Compliance,Regulated customer ops
telli,Voice AI,,Customer-facing voice agents
avora,Healthcare & Bio,,Dental operations
