company_id,company,batch,website,yc_page,founders,location,tracxn_total_usd_LEAD_ONLY
enjamb-labs,Enjamb Labs,Spring 2026,https://www.enjamb.ai,https://www.ycombinator.com/companies/enjamb-labs,Rayan Mubarak; Maadhav Deekshitha,San Francisco,650000
testerarmy,TesterArmy,Spring 2026,https://tester.army,https://www.ycombinator.com/companies/testerarmy,Szymon Rybczak; Oskar Kwaśniewski,"Warsaw, Poland",1700000
oddpool,Oddpool,Spring 2026,https://www.oddpool.com,https://www.ycombinator.com/companies/oddpool,Ritesh Malpani; Avi Arora,San Francisco,3500000
10x-science,10x Science,Winter 2026,https://10xscience.com,https://www.ycombinator.com/companies/10x-science,David Roberts; Andrew Reiter; Vishnu Tejus,San Francisco,5300000
denki,Denki,Fall 2025,https://denki.ai,https://www.ycombinator.com/companies/denki,Felipe Jin Li; David Jin Li,San Francisco,4600000
cortex-ai,Cortex AI,Fall 2025,https://cortexrobot.ai/,https://www.ycombinator.com/companies/cortex-ai,Lucas Ngoo,San Francisco,6000000
fifth-door,Fifth Door,Fall 2025,https://fifthdoor.com,https://www.ycombinator.com/companies/fifth-door,Daniel Kan; Amir Ghazvinian,San Francisco,20000000
burnt,burnt,Summer 2025,https://getburnt.ai/,https://www.ycombinator.com/companies/burnt,Joseph Jacob; Rhea Karimpanal; Chandru Shanumugasundaram,San Francisco,4300000
idler,idler,Summer 2025,https://idler.ai/,https://www.ycombinator.com/companies/idler,Ivan Chub; Nalu Concepcion; Tony Goss,San Francisco,9500000
cascade-space,Cascade Space,Spring 2025,https://cascadespace.com,https://www.ycombinator.com/companies/cascade-space,Jacob Portukalian; Arlen Abraham,San Francisco,5900000
plexe,Plexe,Spring 2025,https://plexe.ai,https://www.ycombinator.com/companies/plexe,Vaibhav Dubey,"London, United Kingdom",2600000
reditus-space,Reditus Space,Winter 2025,https://www.reditus.space/,https://www.ycombinator.com/companies/reditus-space,Stef Crum; Will Sherman,"Atlanta, GA",7600000
mundo-ai,Mundo AI,Winter 2025,https://mundoai.world,https://www.ycombinator.com/companies/mundo-ai,Jason Liao; Naijide Anwaer; Garreth Lee; Kenneth Wu,"Vancouver, Canada",24500000
cifrato,Cifrato,Winter 2025,https://cifrato.ai,https://www.ycombinator.com/companies/cifrato,Juan Pisco,"Bogotá, Colombia",1000000
conntour,Conntour,Winter 2025,https://www.conntour.com/,https://www.ycombinator.com/companies/conntour,Matan Goldner; Tomer Kulla,"Tel Aviv-Yafo, Israel",7500000
metreecs,Metreecs,Fall 2024,https://www.metreecs.com,https://www.ycombinator.com/companies/metreecs,Thibaut Pellegrin; Martin Dimitrov; Elie Dufeu,"Paris, France",3667046
revyl,Revyl,Fall 2024,https://www.revyl.com,https://www.ycombinator.com/companies/revyl,Landseer Enga; Anam Hira,San Francisco,1600000
