group,company_id,company,batch,website,founders,our_latest_round_date,our_latest_amount_usd
pre2020,opentrons,Opentrons,Winter 2016,http://opentrons.com,Nicholas Wagner; Will Canine; Chiu Chau,2021-09-20,209019995
pre2020,dover,Dover,Summer 2019,https://dover.com,George Carollo,2021-07-19,20000000
w20s24,per-diem,Per Diem,Winter 2021,https://tryperdiem.com,Tomer Molovinsky; Doron Segal,2021-04-21,2300000
pre2020,flutterwave,Flutterwave,Summer 2016,https://flutterwave.com,Adeleke Adekoya; Olugbenga GB Agboola,2021-02-26,169999905
w20s24,matter,Matter,Summer 2020,https://getmatter.app,Ben Springwater; Robert Mackenzie,2021-04-26,7295000
w20s24,nourish,Nourish,Winter 2021,https://nourish.com,Aidan Dewar; Stephanie Liu; Sam Perkins,2021-06-11,500000
pre2020,smartpath,SmartPath,Summer 2016,http://joinsmartpath.com,Alok Deshpande,2019-02-06,2700000
w20s24,clau,Clau,Summer 2020,https://clau.com,Bernardo Cordero; Victor Noguera,2021-09-01,20000000
w20s24,alba-orbital,Alba Orbital,Winter 2021,https://www.albaorbital.com,,,3400000
pre2020,routable,Routable,Summer 2017,https://routable.com,Omri Mor; Tom Harel,2021-04-15,30000000
w20s24,henry,HENRY,Summer 2020,https://www.soyhenry.com/hiring-en,Martin Borchardt; Manuel Barna Ferrés; Luz Borchardt; Leonardo Maglia,2020-08-07,670000
pre2020,mattermost,Mattermost,Summer 2012,http://mattermost.com,Ian Tien,2019-06-19,50000000
pre2020,slite,Slite,Winter 2018,https://slite.com/,Christophe Pasquier,2020-04-15,11000000
w20s24,infer,Infer,Summer 2021,https://www.infer.so/,Urvin Soneta; Suneel Matham; Vaibhav Saxena,,
pre2020,snapdocs,Snapdocs,Winter 2014,http://snapdocs.com,Aaron King,2021-04-29,149999576
pre2020,skill-lync,Skill-lync,Winter 2019,http://skill-lync.com,Surya Paneerselvam; Sarang,2021-07-22,17306248
w20s24,lfcarry,LFcarry,Winter 2020,https://lfcarry.com/,Aleksei Beliankin-Bauer,,17800000
pre2020,fightcamp,FightCamp,Winter 2016,http://joinfightcamp.com,Khalil Zahar; Patrick Chandler; Alexandre Marcotte,2020-06-02,89566662
pre2020,holy-grail-inc,Holy Grail,Summer 2019,https://www.holygrail.ai,Nuno Pereira,2021-06-22,2700000
w20s24,pangea-app,Pangea.app,Winter 2021,https://www.pangea.app,Adam Alpert; John Tambunting,2021-06-25,1998480
pre2020,aon3d,AON3D,Winter 2017,https://www.aon3d.com,Kevin Han; Randeep Singh; Andrew Walker,2021-09-02,11500000
w20s24,bukuwarung,BukuWarung,Summer 2020,http://bukuwarung.com/app,Abhinay Peddisetty,2021-06-09,60000000
